start_time,bat_landing_to_food,habit,rat_period_start,rat_period_end,seconds_after_rat_arrival,risk,reward,month,sunset_time,hours_after_sunset,season,calc_hours_after_sunset,time_valid
2017-12-30 18:37:00,16.0,rat,2017-12-30 18:35:00,2017-12-30 18:38:00,108,1,0,0,2017-12-30 16:45:00,1.87,0,1.87,True
2017-12-30 19:51:00,0.074015603,fast,2017-12-30 19:50:00,2017-12-30 19:55:00,17,0,1,0,2017-12-30 16:45:00,3.1,0,3.1,True
2017-12-30 19:51:00,4.0,fast,2017-12-30 19:50:00,2017-12-30 19:55:00,41,0,1,0,2017-12-30 16:45:00,3.11,0,3.1,True
2017-12-30 19:52:00,10.0,rat,2017-12-30 19:50:00,2017-12-30 19:55:00,111,1,0,0,2017-12-30 16:45:00,3.13,0,3.12,True
2017-12-30 19:54:00,15.0,rat,2017-12-30 19:50:00,2017-12-30 19:55:00,194,1,0,0,2017-12-30 16:45:00,3.15,0,3.15,True
2017-12-30 19:54:00,24.0,rat,2017-12-30 19:50:00,2017-12-30 19:55:00,215,1,0,0,2017-12-30 16:45:00,3.16,0,3.15,True
2017-12-30 19:54:00,13.0,rat,2017-12-30 19:50:00,2017-12-30 19:55:00,253,1,0,0,2017-12-30 16:45:00,3.17,0,3.15,True
2017-12-26 21:24:00,15.0,rat,2017-12-26 21:22:00,2017-12-26 21:27:00,88,1,0,0,2017-12-26 16:43:00,4.68,0,4.68,True
2017-12-26 21:24:00,6.0,pick,2017-12-26 21:22:00,2017-12-26 21:27:00,113,0,1,0,2017-12-26 16:43:00,4.69,0,4.68,True
2017-12-26 21:24:00,3.0,fast,2017-12-26 21:22:00,2017-12-26 21:27:00,121,0,1,0,2017-12-26 16:43:00,4.69,0,4.68,True
2017-12-26 21:24:00,5.0,pick,2017-12-26 21:22:00,2017-12-26 21:27:00,128,0,1,0,2017-12-26 16:43:00,4.7,0,4.68,True
2017-12-26 21:25:00,6.0,pick,2017-12-26 21:22:00,2017-12-26 21:27:00,153,0,1,0,2017-12-26 16:43:00,4.7,0,4.7,True
2017-12-26 21:26:00,10.0,rat,2017-12-26 21:22:00,2017-12-26 21:27:00,208,1,0,0,2017-12-26 16:43:00,4.72,0,4.72,True
2017-12-28 19:36:00,1.0,fast,2017-12-28 19:35:00,2017-12-28 19:46:00,14,0,1,0,2017-12-28 16:44:00,2.87,0,2.87,True
2017-12-28 19:36:00,2.0,rat,2017-12-28 19:35:00,2017-12-28 19:46:00,40,1,0,0,2017-12-28 16:44:00,2.88,0,2.87,True
2017-12-28 19:37:00,26.0,rat,2017-12-28 19:35:00,2017-12-28 19:46:00,68,1,0,0,2017-12-28 16:44:00,2.88,0,2.88,True
2017-12-28 19:46:00,24.0,rat,2017-12-28 19:35:00,2017-12-28 19:46:00,607,1,0,0,2017-12-28 16:44:00,3.03,0,3.03,True
2017-12-28 03:58:00,2.0,fast,2017-12-28 03:56:00,2017-12-28 04:13:00,107,0,1,0,2017-12-27 16:43:00,11.26,0,11.25,True
2017-12-28 04:02:00,2.0,fast,2017-12-28 03:56:00,2017-12-28 04:13:00,358,0,1,0,2017-12-27 16:43:00,11.33,0,11.32,True
2018-01-27 23:44:00,0.049410419,fast,2018-01-27 23:44:00,2018-01-27 23:50:00,12,0,1,1,2018-01-27 17:09:00,6.59,0,6.58,True
2018-01-27 23:44:00,1.0,fast,2018-01-27 23:44:00,2018-01-27 23:50:00,14,0,1,1,2018-01-27 17:09:00,6.59,0,6.58,True
2018-01-27 23:45:00,6.0,rat,2018-01-27 23:44:00,2018-01-27 23:50:00,49,1,0,1,2018-01-27 17:09:00,6.6,0,6.6,True
2018-01-27 23:45:00,3.0,fast,2018-01-27 23:44:00,2018-01-27 23:50:00,68,0,1,1,2018-01-27 17:09:00,6.61,0,6.6,True
2018-01-27 23:45:00,8.0,rat,2018-01-27 23:44:00,2018-01-27 23:50:00,84,1,0,1,2018-01-27 17:09:00,6.61,0,6.6,True
2018-01-27 23:46:00,31.0,rat,2018-01-27 23:44:00,2018-01-27 23:50:00,122,1,0,1,2018-01-27 17:09:00,6.62,0,6.62,True
2018-01-27 23:47:00,0.010695699,fast,2018-01-27 23:44:00,2018-01-27 23:50:00,186,0,1,1,2018-01-27 17:09:00,6.64,0,6.63,True
2018-01-27 23:48:00,2.0,fast,2018-01-27 23:44:00,2018-01-27 23:50:00,231,0,1,1,2018-01-27 17:09:00,6.65,0,6.65,True
2018-01-27 23:48:00,9.0,pick,2018-01-27 23:44:00,2018-01-27 23:50:00,253,0,1,1,2018-01-27 17:09:00,6.66,0,6.65,True
2018-01-27 23:50:00,6.0,pick,2018-01-27 23:44:00,2018-01-27 23:50:00,355,0,1,1,2018-01-27 17:09:00,6.69,0,6.68,True
2018-01-28 04:20:00,11.0,pick,2018-01-28 04:08:00,2018-01-28 04:20:00,742,0,1,1,2018-01-27 17:09:00,11.2,0,11.18,True
2018-01-01 01:52:00,2.0,fast,2018-01-01 01:50:00,2018-01-01 01:55:00,115,0,1,1,2017-12-31 16:46:00,9.11,0,9.1,True
2018-01-31 19:44:00,3.0,rat,2018-01-31 19:41:00,2018-01-31 19:45:00,195,1,0,1,2018-01-31 17:13:00,2.52,0,2.52,True
2018-01-31 22:23:00,1.0,fast,2018-01-31 22:20:00,2018-01-31 22:24:00,168,0,1,1,2018-01-31 17:13:00,5.17,0,5.17,True
2018-01-10 04:12:00,1.0,rat,2018-01-10 04:07:00,2018-01-10 04:15:00,306,1,0,1,2018-01-09 16:53:00,11.32,0,11.32,True
2018-01-28 19:56:00,1.0,fast,2018-01-28 19:56:00,2018-01-28 20:10:00,9,0,1,1,2018-01-28 17:10:00,2.77,0,2.77,True
2018-01-28 20:03:00,1.0,rat,2018-01-28 19:56:00,2018-01-28 20:10:00,456,1,0,1,2018-01-28 17:10:00,2.9,0,2.88,True
2018-01-28 20:04:00,0.035319187,rat,2018-01-28 19:56:00,2018-01-28 20:10:00,528,1,0,1,2018-01-28 17:10:00,2.92,0,2.9,True
2018-01-28 20:05:00,1.0,rat,2018-01-28 19:56:00,2018-01-28 20:10:00,534,1,0,1,2018-01-28 17:10:00,2.92,0,2.92,True
2018-01-28 20:05:00,1.0,fast,2018-01-28 19:56:00,2018-01-28 20:10:00,551,0,1,1,2018-01-28 17:10:00,2.92,0,2.92,True
2018-01-28 20:05:00,0.034803066,fast,2018-01-28 19:56:00,2018-01-28 20:10:00,569,0,1,1,2018-01-28 17:10:00,2.93,0,2.92,True
2018-01-28 20:05:00,1.0,rat,2018-01-28 19:56:00,2018-01-28 20:10:00,583,1,0,1,2018-01-28 17:10:00,2.93,0,2.92,True
2018-01-28 20:05:00,1.0,fast,2018-01-28 19:56:00,2018-01-28 20:10:00,589,0,1,1,2018-01-28 17:10:00,2.93,0,2.92,True
2018-01-28 20:06:00,2.0,fast,2018-01-28 19:56:00,2018-01-28 20:10:00,627,0,1,1,2018-01-28 17:10:00,2.94,0,2.93,True
2018-01-28 20:06:00,1.0,fast,2018-01-28 19:56:00,2018-01-28 20:10:00,631,0,1,1,2018-01-28 17:10:00,2.94,0,2.93,True
2018-01-28 20:06:00,4.0,fast,2018-01-28 19:56:00,2018-01-28 20:10:00,642,0,1,1,2018-01-28 17:10:00,2.95,0,2.93,True
2018-01-28 20:08:00,4.0,pick,2018-01-28 19:56:00,2018-01-28 20:10:00,720,0,1,1,2018-01-28 17:10:00,2.97,0,2.97,True
2018-01-28 20:09:00,3.0,rat,2018-01-28 19:56:00,2018-01-28 20:10:00,824,1,0,1,2018-01-28 17:10:00,3.0,0,2.98,True
2018-01-29 01:32:00,22.0,pick,2018-01-29 01:29:00,2018-01-29 01:33:00,225,0,1,1,2018-01-28 17:10:00,8.38,0,8.37,True
2018-01-28 19:58:00,1.0,rat,2018-01-28 19:56:00,2018-01-28 20:10:00,162,1,0,1,2018-01-28 17:10:00,2.81,0,2.8,True
2018-02-20 01:49:00,2.0,rat,2018-02-20 01:47:00,2018-02-20 01:50:00,151,1,0,2,2018-02-19 17:30:00,8.33,0,8.32,True
2018-02-20 03:10:00,1.0,rat,2018-02-20 03:10:00,2018-02-20 03:11:00,17,1,0,2,2018-02-19 17:30:00,9.68,0,9.67,True
2018-02-10 00:43:00,4.0,rat,2018-02-10 00:43:00,2018-02-10 00:45:00,22,1,0,2,2018-02-09 17:21:00,7.38,0,7.37,True
2018-02-10 00:44:00,3.0,fast,2018-02-10 00:43:00,2018-02-10 00:45:00,96,0,1,2,2018-02-09 17:21:00,7.4,0,7.38,True
2018-02-10 00:49:00,0.089216347,fast,2018-02-10 00:49:00,2018-02-10 00:51:00,18,0,1,2,2018-02-09 17:21:00,7.47,0,7.47,True
2018-02-10 00:49:00,2.0,rat,2018-02-10 00:49:00,2018-02-10 00:51:00,56,1,0,2,2018-02-09 17:21:00,7.48,0,7.47,True
2018-02-10 00:50:00,0.041390374,fast,2018-02-10 00:49:00,2018-02-10 00:51:00,65,0,1,2,2018-02-09 17:21:00,7.48,0,7.48,True
2018-02-10 00:50:00,0.090143902,rat,2018-02-10 00:49:00,2018-02-10 00:51:00,81,1,0,2,2018-02-09 17:21:00,7.49,0,7.48,True
2018-02-10 00:51:00,2.0,rat,2018-02-10 00:49:00,2018-02-10 00:51:00,149,1,0,2,2018-02-09 17:21:00,7.51,0,7.5,True
2018-02-10 00:44:00,4.0,pick,2018-02-10 00:43:00,2018-02-10 00:45:00,68,0,1,2,2018-02-09 17:21:00,7.39,0,7.38,True
2018-02-10 00:44:00,2.0,pick,2018-02-10 00:43:00,2018-02-10 00:45:00,80,0,1,2,2018-02-09 17:21:00,7.39,0,7.38,True
2018-02-07 18:32:00,1.0,rat,2018-02-07 18:29:00,2018-02-07 18:44:00,166,1,0,2,2018-02-07 17:19:00,1.23,0,1.22,True
2018-02-07 22:58:00,14.0,pick,2018-02-07 22:53:00,2018-02-07 22:58:00,299,0,1,2,2018-02-07 17:19:00,5.66,0,5.65,True
2018-02-08 01:52:00,1.0,fast,2018-02-08 01:52:00,2018-02-08 01:52:00,2,0,1,2,2018-02-07 17:19:00,8.55,0,8.55,True
2018-02-08 02:06:00,6.0,rat,2018-02-08 02:05:00,2018-02-08 02:09:00,74,1,0,2,2018-02-07 17:19:00,8.8,0,8.78,True
2018-02-08 02:06:00,1.0,rat,2018-02-08 02:05:00,2018-02-08 02:09:00,80,1,0,2,2018-02-07 17:19:00,8.8,0,8.78,True
2018-02-08 02:07:00,7.0,rat,2018-02-08 02:05:00,2018-02-08 02:09:00,99,1,0,2,2018-02-07 17:19:00,8.8,0,8.8,True
2018-02-08 02:07:00,4.0,rat,2018-02-08 02:05:00,2018-02-08 02:09:00,116,1,0,2,2018-02-07 17:19:00,8.81,0,8.8,True
2018-02-08 02:08:00,4.0,rat,2018-02-08 02:05:00,2018-02-08 02:09:00,200,1,0,2,2018-02-07 17:19:00,8.83,0,8.82,True
2018-02-08 03:41:00,0.035867953,rat,2018-02-08 03:41:00,2018-02-08 03:45:00,27,1,0,2,2018-02-07 17:19:00,10.37,0,10.37,True
2018-02-02 00:43:00,2.0,fast,2018-02-02 00:40:00,2018-02-02 00:44:00,184,0,1,2,2018-02-01 17:14:00,7.49,0,7.48,True
2018-02-02 00:44:00,1.0,rat,2018-02-02 00:40:00,2018-02-02 00:44:00,239,1,0,2,2018-02-01 17:14:00,7.5,0,7.5,True
2018-02-09 00:06:00,3.0,fast,2018-02-09 00:06:00,2018-02-09 00:06:00,2,0,1,2,2018-02-08 17:20:00,6.77,0,6.77,True
2018-02-09 00:11:00,1.0,rat,2018-02-09 00:09:00,2018-02-09 00:13:00,135,1,0,2,2018-02-08 17:20:00,6.86,0,6.85,True
2018-02-09 00:26:00,17.0,pick,2018-02-09 00:26:00,2018-02-09 00:32:00,2,0,1,2,2018-02-08 17:20:00,7.11,0,7.1,True
2018-02-09 00:29:00,1.0,rat,2018-02-09 00:26:00,2018-02-09 00:32:00,154,1,0,2,2018-02-08 17:20:00,7.16,0,7.15,True
2018-02-09 03:31:00,1.0,rat,2018-02-09 03:28:00,2018-02-09 03:33:00,146,1,0,2,2018-02-08 17:20:00,10.18,0,10.18,True
2018-02-09 03:32:00,21.0,rat,2018-02-09 03:28:00,2018-02-09 03:33:00,211,1,0,2,2018-02-08 17:20:00,10.2,0,10.2,True
2018-02-09 03:32:00,9.0,pick,2018-02-09 03:28:00,2018-02-09 03:33:00,246,0,1,2,2018-02-08 17:20:00,10.21,0,10.2,True
2018-02-13 03:44:00,1.0,rat,2018-02-13 03:43:00,2018-02-13 03:45:00,77,1,0,2,2018-02-12 17:24:00,10.34,0,10.33,True
2018-02-13 03:50:00,3.0,fast,2018-02-13 03:49:00,2018-02-13 03:50:00,59,0,1,2,2018-02-12 17:24:00,10.44,0,10.43,True
2018-02-14 22:05:00,1.0,rat,2018-02-14 22:04:00,2018-02-14 22:12:00,89,1,0,2,2018-02-14 17:26:00,4.66,0,4.65,True
2018-02-14 22:08:00,2.0,rat,2018-02-14 22:04:00,2018-02-14 22:12:00,259,1,0,2,2018-02-14 17:26:00,4.71,0,4.7,True
2018-02-14 22:11:00,4.0,rat,2018-02-14 22:04:00,2018-02-14 22:12:00,470,1,0,2,2018-02-14 17:26:00,4.76,0,4.75,True
2018-02-14 22:46:00,2.0,rat,2018-02-14 22:43:00,2018-02-14 22:52:00,187,1,0,2,2018-02-14 17:26:00,5.34,0,5.33,True
2018-02-14 22:46:00,1.0,rat,2018-02-14 22:43:00,2018-02-14 22:52:00,204,1,0,2,2018-02-14 17:26:00,5.35,0,5.33,True
2018-02-14 22:50:00,2.0,rat,2018-02-14 22:43:00,2018-02-14 22:52:00,420,1,0,2,2018-02-14 17:26:00,5.41,0,5.4,True
2018-02-14 22:50:00,9.0,rat,2018-02-14 22:43:00,2018-02-14 22:52:00,434,1,0,2,2018-02-14 17:26:00,5.41,0,5.4,True
2018-02-14 22:51:00,0.061201372,rat,2018-02-14 22:43:00,2018-02-14 22:52:00,512,1,0,2,2018-02-14 17:26:00,5.43,0,5.42,True
2018-02-14 22:52:00,1.0,rat,2018-02-14 22:43:00,2018-02-14 22:52:00,518,1,0,2,2018-02-14 17:26:00,5.43,0,5.43,True
2018-02-14 03:11:00,31.0,pick,2018-02-14 03:02:00,2018-02-14 03:11:00,499,0,1,2,2018-02-13 17:25:00,9.77,0,9.77,True
2018-02-14 05:30:00,1.0,rat,2018-02-14 05:26:00,2018-02-14 05:34:00,225,1,0,2,2018-02-13 17:25:00,12.09,0,12.08,True
2018-02-15 18:21:00,0.050105814,fast,2018-02-15 18:20:00,2018-02-15 18:28:00,54,0,1,2,2018-02-15 17:26:00,0.92,0,0.92,True
2018-02-15 19:31:00,1.0,fast,2018-02-15 19:30:00,2018-02-15 19:31:00,30,0,1,2,2018-02-15 17:26:00,2.09,0,2.08,True
2018-02-15 18:52:00,6.0,pick,2018-02-15 18:49:00,2018-02-15 18:55:00,201,0,1,2,2018-02-15 17:26:00,1.45,0,1.43,True
2018-02-15 18:54:00,1.0,rat,2018-02-15 18:49:00,2018-02-15 18:55:00,321,1,0,2,2018-02-15 17:26:00,1.48,0,1.47,True
2018-02-03 17:51:00,29.0,rat,2018-02-03 17:51:00,2018-02-03 17:51:00,22,1,0,2,2018-02-03 17:16:00,0.59,0,0.58,True
2018-02-02 18:30:00,4.0,rat,2018-02-02 18:30:00,2018-02-02 18:30:00,3,1,0,2,2018-02-02 17:15:00,1.26,0,1.25,True
2018-02-16 22:18:00,2.0,rat,2018-02-16 22:18:00,2018-02-16 22:22:00,25,1,0,2,2018-02-16 17:27:00,4.86,0,4.85,True
2018-02-16 22:21:00,16.0,rat,2018-02-16 22:18:00,2018-02-16 22:22:00,181,1,0,2,2018-02-16 17:27:00,4.9,0,4.9,True
2018-02-16 22:21:00,2.0,rat,2018-02-16 22:18:00,2018-02-16 22:22:00,201,1,0,2,2018-02-16 17:27:00,4.91,0,4.9,True
2018-02-16 22:21:00,1.0,fast,2018-02-16 22:18:00,2018-02-16 22:22:00,206,0,1,2,2018-02-16 17:27:00,4.91,0,4.9,True
2018-02-19 00:33:00,0.057540536,fast,2018-02-19 00:31:00,2018-02-19 00:34:00,157,0,1,2,2018-02-18 17:29:00,7.08,0,7.07,True
2018-02-19 01:33:00,3.0,rat,2018-02-19 01:33:00,2018-02-19 01:33:00,6,1,0,2,2018-02-18 17:29:00,8.08,0,8.07,True
2018-02-10 21:08:00,5.0,rat,2018-02-10 21:04:00,2018-02-10 21:11:00,222,1,0,2,2018-02-10 17:22:00,3.77,0,3.77,True
2018-02-10 21:36:00,1.0,rat,2018-02-10 21:35:00,2018-02-10 21:36:00,68,1,0,2,2018-02-10 17:22:00,4.24,0,4.23,True
2018-02-10 21:36:00,2.0,rat,2018-02-10 21:35:00,2018-02-10 21:36:00,75,1,0,2,2018-02-10 17:22:00,4.24,0,4.23,True
2018-02-10 21:44:00,1.0,rat,2018-02-10 21:44:00,2018-02-10 21:51:00,6,1,0,2,2018-02-10 17:22:00,4.37,0,4.37,True
2018-02-10 21:45:00,4.0,rat,2018-02-10 21:44:00,2018-02-10 21:51:00,92,1,0,2,2018-02-10 17:22:00,4.39,0,4.38,True
2018-02-10 21:46:00,13.0,rat,2018-02-10 21:44:00,2018-02-10 21:51:00,137,1,0,2,2018-02-10 17:22:00,4.4,0,4.4,True
2018-02-10 21:46:00,1.0,rat,2018-02-10 21:44:00,2018-02-10 21:51:00,155,1,0,2,2018-02-10 17:22:00,4.41,0,4.4,True
2018-02-10 21:46:00,2.0,fast,2018-02-10 21:44:00,2018-02-10 21:51:00,158,0,1,2,2018-02-10 17:22:00,4.41,0,4.4,True
2018-02-10 21:47:00,1.0,rat,2018-02-10 21:44:00,2018-02-10 21:51:00,224,1,0,2,2018-02-10 17:22:00,4.43,0,4.42,True
2018-02-11 00:32:00,1.0,rat,2018-02-11 00:31:00,2018-02-11 00:33:00,35,1,0,2,2018-02-10 17:22:00,7.17,0,7.17,True
2018-02-11 01:09:00,5.0,pick,2018-02-11 01:09:00,2018-02-11 01:10:00,7,0,1,2,2018-02-10 17:22:00,7.79,0,7.78,True
2018-02-11 01:54:00,0.04438061,rat,2018-02-11 01:52:00,2018-02-11 01:58:00,105,1,0,2,2018-02-10 17:22:00,8.54,0,8.53,True
2018-02-11 01:55:00,3.0,rat,2018-02-11 01:52:00,2018-02-11 01:58:00,132,1,0,2,2018-02-10 17:22:00,8.55,0,8.55,True
2018-02-11 01:56:00,1.0,fast,2018-02-11 01:52:00,2018-02-11 01:58:00,242,0,1,2,2018-02-10 17:22:00,8.58,0,8.57,True
2018-02-11 01:57:00,6.0,fast,2018-02-11 01:52:00,2018-02-11 01:58:00,269,0,1,2,2018-02-10 17:22:00,8.59,0,8.58,True
2018-02-11 01:57:00,24.0,rat,2018-02-11 01:52:00,2018-02-11 01:58:00,286,1,0,2,2018-02-10 17:22:00,8.59,0,8.58,True
2018-02-10 19:25:00,0.097399911,fast,2018-02-10 19:24:00,2018-02-10 19:25:00,13,0,1,2,2018-02-10 17:22:00,2.05,0,2.05,True
2018-02-17 20:50:00,2.0,rat,2018-02-17 20:49:00,2018-02-17 20:51:00,20,1,0,2,2018-02-17 17:28:00,3.37,0,3.37,True
2018-02-17 20:50:00,1.0,rat,2018-02-17 20:49:00,2018-02-17 20:51:00,35,1,0,2,2018-02-17 17:28:00,3.37,0,3.37,True
2018-02-17 20:50:00,2.0,rat,2018-02-17 20:49:00,2018-02-17 20:51:00,42,1,0,2,2018-02-17 17:28:00,3.38,0,3.37,True
2018-02-17 17:42:00,0.050211363,fast,2018-02-17 17:40:00,2018-02-17 17:43:00,139,0,1,2,2018-02-17 17:28:00,0.25,0,0.23,True
2018-03-18 21:37:00,3.0,fast,2018-03-18 21:37:00,2018-03-18 21:40:00,2,0,1,3,2018-03-18 17:50:00,3.8,1,3.78,True
2018-03-18 21:38:00,2.0,fast,2018-03-18 21:37:00,2018-03-18 21:40:00,73,0,1,3,2018-03-18 17:50:00,3.82,1,3.8,True
2018-03-18 21:39:00,1.0,fast,2018-03-18 21:37:00,2018-03-18 21:40:00,105,0,1,3,2018-03-18 17:50:00,3.82,1,3.82,True
2018-03-18 21:39:00,2.0,fast,2018-03-18 21:37:00,2018-03-18 21:40:00,130,0,1,3,2018-03-18 17:50:00,3.83,1,3.82,True
2018-03-29 00:47:00,4.0,pick,2018-03-29 00:46:00,2018-03-29 00:55:00,71,0,1,3,2018-03-28 18:57:00,5.85,1,5.83,True
2018-03-29 00:49:00,0.046019395,rat,2018-03-29 00:46:00,2018-03-29 00:55:00,192,1,0,3,2018-03-28 18:57:00,5.88,1,5.87,True
2018-03-29 00:50:00,9.0,pick,2018-03-29 00:46:00,2018-03-29 00:55:00,220,0,1,3,2018-03-28 18:57:00,5.89,1,5.88,True
2018-03-29 00:50:00,18.0,pick,2018-03-29 00:46:00,2018-03-29 00:55:00,239,0,1,3,2018-03-28 18:57:00,5.9,1,5.88,True
2018-03-29 00:50:00,14.0,rat,2018-03-29 00:46:00,2018-03-29 00:55:00,250,1,0,3,2018-03-28 18:57:00,5.9,1,5.88,True
2018-03-29 00:51:00,3.0,fast,2018-03-29 00:46:00,2018-03-29 00:55:00,265,0,1,3,2018-03-28 18:57:00,5.9,1,5.9,True
2018-03-29 00:51:00,12.0,rat,2018-03-29 00:46:00,2018-03-29 00:55:00,279,1,0,3,2018-03-28 18:57:00,5.91,1,5.9,True
2018-03-29 00:51:00,15.0,pick,2018-03-29 00:46:00,2018-03-29 00:55:00,295,0,1,3,2018-03-28 18:57:00,5.91,1,5.9,True
2018-03-29 00:53:00,2.0,fast,2018-03-29 00:46:00,2018-03-29 00:55:00,426,0,1,3,2018-03-28 18:57:00,5.95,1,5.93,True
2018-03-29 00:54:00,34.0,rat,2018-03-29 00:46:00,2018-03-29 00:55:00,452,1,0,3,2018-03-28 18:57:00,5.96,1,5.95,True
2018-03-29 00:55:00,11.0,rat,2018-03-29 00:46:00,2018-03-29 00:55:00,507,1,0,3,2018-03-28 18:57:00,5.97,1,5.97,True
2018-03-29 02:20:00,0.013008356,fast,2018-03-29 02:19:00,2018-03-29 02:25:00,29,0,1,3,2018-03-28 18:57:00,7.39,1,7.38,True
2018-03-29 02:21:00,2.0,fast,2018-03-29 02:19:00,2018-03-29 02:25:00,135,0,1,3,2018-03-28 18:57:00,7.42,1,7.4,True
2018-03-29 02:22:00,2.0,rat,2018-03-29 02:19:00,2018-03-29 02:25:00,188,1,0,3,2018-03-28 18:57:00,7.43,1,7.42,True
2018-03-29 02:25:00,0.028276798,rat,2018-03-29 02:19:00,2018-03-29 02:25:00,329,1,0,3,2018-03-28 18:57:00,7.47,1,7.47,True
2018-03-20 03:17:00,2.0,fast,2018-03-20 03:15:00,2018-03-20 03:17:00,108,0,1,3,2018-03-19 17:51:00,9.44,1,9.43,True
2018-03-31 01:57:00,3.0,fast,2018-03-31 01:48:00,2018-03-31 01:58:00,537,0,1,3,2018-03-30 18:59:00,6.98,1,6.97,True
2018-03-31 01:58:00,0.064154735,fast,2018-03-31 01:48:00,2018-03-31 01:58:00,572,0,1,3,2018-03-30 18:59:00,6.99,1,6.98,True
2018-04-02 22:04:00,10.0,rat,2018-04-02 21:58:00,2018-04-02 22:09:00,381,1,0,4,2018-04-02 19:01:00,3.06,1,3.05,True
2018-04-02 22:05:00,2.0,fast,2018-04-02 21:58:00,2018-04-02 22:09:00,450,0,1,4,2018-04-02 19:01:00,3.08,1,3.07,True
2018-04-02 22:07:00,0.030293066,fast,2018-04-02 21:58:00,2018-04-02 22:09:00,558,0,1,4,2018-04-02 19:01:00,3.11,1,3.1,True
2018-04-02 22:09:00,7.0,rat,2018-04-02 21:58:00,2018-04-02 22:09:00,662,1,0,4,2018-04-02 19:01:00,3.14,1,3.13,True
2018-04-02 22:09:00,6.0,rat,2018-04-02 21:58:00,2018-04-02 22:09:00,673,1,0,4,2018-04-02 19:01:00,3.14,1,3.13,True
2018-04-02 22:09:00,18.0,pick,2018-04-02 21:58:00,2018-04-02 22:09:00,668,0,1,4,2018-04-02 19:01:00,3.14,1,3.13,True
2018-04-02 23:12:00,1.0,fast,2018-04-02 23:10:00,2018-04-02 23:18:00,128,0,1,4,2018-04-02 19:01:00,4.19,1,4.18,True
2018-04-02 23:16:00,6.0,pick,2018-04-02 23:10:00,2018-04-02 23:18:00,381,0,1,4,2018-04-02 19:01:00,4.26,1,4.25,True
2018-04-02 23:43:00,2.0,fast,2018-04-02 23:42:00,2018-04-02 23:48:00,80,0,1,4,2018-04-02 19:01:00,4.71,1,4.7,True
2018-04-02 23:45:00,1.0,fast,2018-04-02 23:42:00,2018-04-02 23:48:00,177,0,1,4,2018-04-02 19:01:00,4.74,1,4.73,True
2018-04-02 23:46:00,3.0,fast,2018-04-02 23:42:00,2018-04-02 23:48:00,234,0,1,4,2018-04-02 19:01:00,4.75,1,4.75,True
2018-04-02 23:46:00,25.0,pick,2018-04-02 23:42:00,2018-04-02 23:48:00,239,0,1,4,2018-04-02 19:01:00,4.75,1,4.75,True
2018-04-02 23:46:00,3.0,rat,2018-04-02 23:42:00,2018-04-02 23:48:00,262,1,0,4,2018-04-02 19:01:00,4.76,1,4.75,True
2018-04-02 23:46:00,11.0,rat,2018-04-02 23:42:00,2018-04-02 23:48:00,287,1,0,4,2018-04-02 19:01:00,4.77,1,4.75,True
2018-04-02 23:48:00,15.0,pick,2018-04-02 23:42:00,2018-04-02 23:48:00,355,0,1,4,2018-04-02 19:01:00,4.78,1,4.78,True
2018-04-03 01:01:00,0.069936967,fast,2018-04-03 01:00:00,2018-04-03 01:21:00,53,0,1,4,2018-04-02 19:01:00,6.0,1,6.0,True
2018-04-03 01:01:00,1.0,fast,2018-04-03 01:00:00,2018-04-03 01:21:00,82,0,1,4,2018-04-02 19:01:00,6.01,1,6.0,True
2018-04-03 01:01:00,1.0,fast,2018-04-03 01:00:00,2018-04-03 01:21:00,98,0,1,4,2018-04-02 19:01:00,6.02,1,6.0,True
2018-04-03 01:02:00,4.0,pick,2018-04-03 01:00:00,2018-04-03 01:21:00,101,0,1,4,2018-04-02 19:01:00,6.02,1,6.02,True
2018-04-03 01:02:00,0.036982956,rat,2018-04-03 01:00:00,2018-04-03 01:21:00,112,1,0,4,2018-04-02 19:01:00,6.02,1,6.02,True
2018-04-03 01:02:00,1.0,rat,2018-04-03 01:00:00,2018-04-03 01:21:00,120,1,0,4,2018-04-02 19:01:00,6.02,1,6.02,True
2018-04-03 01:02:00,2.0,fast,2018-04-03 01:00:00,2018-04-03 01:21:00,128,0,1,4,2018-04-02 19:01:00,6.02,1,6.02,True
2018-04-03 01:03:00,4.0,fast,2018-04-03 01:00:00,2018-04-03 01:21:00,180,0,1,4,2018-04-02 19:01:00,6.04,1,6.03,True
2018-04-03 01:04:00,3.0,rat,2018-04-03 01:00:00,2018-04-03 01:21:00,232,1,0,4,2018-04-02 19:01:00,6.05,1,6.05,True
2018-04-03 01:07:00,3.0,fast,2018-04-03 01:00:00,2018-04-03 01:21:00,435,0,1,4,2018-04-02 19:01:00,6.11,1,6.1,True
2018-04-03 01:10:00,6.0,fast,2018-04-03 01:00:00,2018-04-03 01:21:00,612,0,1,4,2018-04-02 19:01:00,6.16,1,6.15,True
2018-04-03 01:12:00,1.0,fast,2018-04-03 01:00:00,2018-04-03 01:21:00,708,0,1,4,2018-04-02 19:01:00,6.19,1,6.18,True
2018-04-03 01:13:00,9.0,rat,2018-04-03 01:00:00,2018-04-03 01:21:00,777,1,0,4,2018-04-02 19:01:00,6.2,1,6.2,True
2018-04-03 01:13:00,23.0,rat,2018-04-03 01:00:00,2018-04-03 01:21:00,806,1,0,4,2018-04-02 19:01:00,6.21,1,6.2,True
2018-04-03 21:22:00,3.0,fast,2018-04-03 21:21:00,2018-04-03 21:32:00,90,0,1,4,2018-04-03 19:01:00,2.36,1,2.35,True
2018-04-03 21:27:00,3.0,fast,2018-04-03 21:21:00,2018-04-03 21:32:00,376,0,1,4,2018-04-03 19:01:00,2.44,1,2.43,True
2018-04-03 21:28:00,2.0,fast,2018-04-03 21:21:00,2018-04-03 21:32:00,452,0,1,4,2018-04-03 19:01:00,2.46,1,2.45,True
2018-04-03 23:24:00,2.0,fast,2018-04-03 23:24:00,2018-04-03 23:40:00,12,0,1,4,2018-04-03 19:01:00,4.4,1,4.38,True
2018-04-03 23:25:00,9.0,rat,2018-04-03 23:24:00,2018-04-03 23:40:00,31,1,0,4,2018-04-03 19:01:00,4.4,1,4.4,True
2018-04-03 23:25:00,4.0,fast,2018-04-03 23:24:00,2018-04-03 23:40:00,58,0,1,4,2018-04-03 19:01:00,4.41,1,4.4,True
2018-04-03 23:27:00,5.0,rat,2018-04-03 23:24:00,2018-04-03 23:40:00,187,1,0,4,2018-04-03 19:01:00,4.44,1,4.43,True
2018-04-03 23:27:00,4.0,rat,2018-04-03 23:24:00,2018-04-03 23:40:00,197,1,0,4,2018-04-03 19:01:00,4.45,1,4.43,True
2018-04-03 23:28:00,1.0,fast,2018-04-03 23:24:00,2018-04-03 23:40:00,224,0,1,4,2018-04-03 19:01:00,4.45,1,4.45,True
2018-04-03 23:29:00,48.0,rat,2018-04-03 23:24:00,2018-04-03 23:40:00,312,1,0,4,2018-04-03 19:01:00,4.48,1,4.47,True
2018-04-03 23:29:00,3.0,fast,2018-04-03 23:24:00,2018-04-03 23:40:00,312,0,1,4,2018-04-03 19:01:00,4.48,1,4.47,True
2018-04-03 23:34:00,2.0,fast,2018-04-03 23:24:00,2018-04-03 23:40:00,597,0,1,4,2018-04-03 19:01:00,4.56,1,4.55,True
2018-04-03 23:40:00,2.0,rat,2018-04-03 23:24:00,2018-04-03 23:40:00,949,1,0,4,2018-04-03 19:01:00,4.66,1,4.65,True
2018-04-04 00:48:00,3.0,rat,2018-04-04 00:48:00,2018-04-04 00:58:00,12,1,0,4,2018-04-03 19:01:00,5.79,1,5.78,True
2018-04-04 00:48:00,4.0,fast,2018-04-04 00:48:00,2018-04-04 00:58:00,25,0,1,4,2018-04-03 19:01:00,5.79,1,5.78,True
2018-04-04 00:49:00,2.0,fast,2018-04-04 00:48:00,2018-04-04 00:58:00,97,0,1,4,2018-04-03 19:01:00,5.81,1,5.8,True
2018-04-04 00:49:00,2.0,fast,2018-04-04 00:48:00,2018-04-04 00:58:00,112,0,1,4,2018-04-03 19:01:00,5.82,1,5.8,True
2018-04-04 00:50:00,59.0,rat,2018-04-04 00:48:00,2018-04-04 00:58:00,165,1,0,4,2018-04-03 19:01:00,5.83,1,5.82,True
2018-04-04 00:51:00,4.0,fast,2018-04-04 00:48:00,2018-04-04 00:58:00,217,0,1,4,2018-04-03 19:01:00,5.84,1,5.83,True
2018-04-04 00:54:00,1.0,rat,2018-04-04 00:48:00,2018-04-04 00:58:00,357,1,0,4,2018-04-03 19:01:00,5.88,1,5.88,True
2018-04-04 00:55:00,14.0,rat,2018-04-04 00:48:00,2018-04-04 00:58:00,418,1,0,4,2018-04-03 19:01:00,5.9,1,5.9,True
2018-04-04 00:58:00,1.0,fast,2018-04-04 00:48:00,2018-04-04 00:58:00,624,0,1,4,2018-04-03 19:01:00,5.96,1,5.95,True
2018-04-26 21:25:00,6.0,rat,2018-04-26 21:24:00,2018-04-26 21:26:00,22,1,0,4,2018-04-26 19:17:00,2.14,1,2.13,True
2018-04-26 22:26:00,3.0,pick,2018-04-26 22:25:00,2018-04-26 22:36:00,65,0,1,4,2018-04-26 19:17:00,3.16,1,3.15,True
2018-04-26 22:28:00,3.0,pick,2018-04-26 22:25:00,2018-04-26 22:36:00,202,0,1,4,2018-04-26 19:17:00,3.2,1,3.18,True
2018-04-26 22:29:00,1.0,fast,2018-04-26 22:25:00,2018-04-26 22:36:00,215,0,1,4,2018-04-26 19:17:00,3.2,1,3.2,True
2018-04-26 22:30:00,4.0,pick,2018-04-26 22:25:00,2018-04-26 22:36:00,318,0,1,4,2018-04-26 19:17:00,3.23,1,3.22,True
2018-04-26 22:31:00,3.0,fast,2018-04-26 22:25:00,2018-04-26 22:36:00,326,0,1,4,2018-04-26 19:17:00,3.23,1,3.23,True
2018-04-26 22:31:00,2.0,fast,2018-04-26 22:25:00,2018-04-26 22:36:00,340,0,1,4,2018-04-26 19:17:00,3.24,1,3.23,True
2018-04-26 22:32:00,3.0,fast,2018-04-26 22:25:00,2018-04-26 22:36:00,392,0,1,4,2018-04-26 19:17:00,3.25,1,3.25,True
2018-04-26 22:35:00,1.0,rat,2018-04-26 22:25:00,2018-04-26 22:36:00,613,1,0,4,2018-04-26 19:17:00,3.31,1,3.3,True
2018-04-26 23:05:00,0.028315379,fast,2018-04-26 23:04:00,2018-04-26 23:09:00,22,0,1,4,2018-04-26 19:17:00,3.8,1,3.8,True
2018-04-26 23:06:00,2.0,fast,2018-04-26 23:04:00,2018-04-26 23:09:00,87,0,1,4,2018-04-26 19:17:00,3.82,1,3.82,True
2018-04-26 23:06:00,8.0,pick,2018-04-26 23:04:00,2018-04-26 23:09:00,96,0,1,4,2018-04-26 19:17:00,3.83,1,3.82,True
2018-04-26 23:06:00,6.0,pick,2018-04-26 23:04:00,2018-04-26 23:09:00,110,0,1,4,2018-04-26 19:17:00,3.83,1,3.82,True
2018-04-26 23:09:00,6.0,pick,2018-04-26 23:04:00,2018-04-26 23:09:00,273,0,1,4,2018-04-26 19:17:00,3.87,1,3.87,True
2018-04-26 23:09:00,0.039556377,fast,2018-04-26 23:04:00,2018-04-26 23:09:00,283,0,1,4,2018-04-26 19:17:00,3.88,1,3.87,True
2018-04-27 00:25:00,4.0,fast,2018-04-27 00:24:00,2018-04-27 00:28:00,65,0,1,4,2018-04-26 19:17:00,5.14,1,5.13,True
2018-04-27 00:25:00,0.02018894,rat,2018-04-27 00:24:00,2018-04-27 00:28:00,72,1,0,4,2018-04-26 19:17:00,5.14,1,5.13,True
2018-04-27 00:28:00,1.0,rat,2018-04-27 00:24:00,2018-04-27 00:28:00,226,1,0,4,2018-04-26 19:17:00,5.19,1,5.18,True
2018-04-27 00:28:00,6.0,pick,2018-04-27 00:24:00,2018-04-27 00:28:00,231,0,1,4,2018-04-26 19:17:00,5.19,1,5.18,True
2018-04-27 01:20:00,8.0,pick,2018-04-27 01:18:00,2018-04-27 01:22:00,119,0,1,4,2018-04-26 19:17:00,6.05,1,6.05,True
2018-04-27 01:20:00,10.0,pick,2018-04-27 01:18:00,2018-04-27 01:22:00,126,0,1,4,2018-04-26 19:17:00,6.05,1,6.05,True
2018-04-27 01:20:00,15.0,pick,2018-04-27 01:18:00,2018-04-27 01:22:00,142,0,1,4,2018-04-26 19:17:00,6.06,1,6.05,True
2018-04-27 02:11:00,5.0,pick,2018-04-27 02:10:00,2018-04-27 02:20:00,47,0,1,4,2018-04-26 19:17:00,6.91,1,6.9,True
2018-04-27 02:13:00,3.0,fast,2018-04-27 02:10:00,2018-04-27 02:20:00,140,0,1,4,2018-04-26 19:17:00,6.94,1,6.93,True
2018-04-27 02:14:00,13.0,pick,2018-04-27 02:10:00,2018-04-27 02:20:00,246,0,1,4,2018-04-26 19:17:00,6.97,1,6.95,True
2018-04-27 02:16:00,3.0,rat,2018-04-27 02:10:00,2018-04-27 02:20:00,318,1,0,4,2018-04-26 19:17:00,6.99,1,6.98,True
2018-04-27 02:17:00,0.063771569,rat,2018-04-27 02:10:00,2018-04-27 02:20:00,368,1,0,4,2018-04-26 19:17:00,7.0,1,7.0,True
2018-04-27 02:19:00,0.081091814,pick,2018-04-27 02:10:00,2018-04-27 02:20:00,537,0,1,4,2018-04-26 19:17:00,7.05,1,7.03,True
2018-04-27 02:39:00,2.0,fast,2018-04-27 02:38:00,2018-04-27 02:58:00,62,0,1,4,2018-04-26 19:17:00,7.38,1,7.37,True
2018-04-27 02:49:00,2.0,fast,2018-04-27 02:38:00,2018-04-27 02:58:00,660,0,1,4,2018-04-26 19:17:00,7.55,1,7.53,True
2018-04-27 02:51:00,0.032779517,fast,2018-04-27 02:38:00,2018-04-27 02:58:00,784,0,1,4,2018-04-26 19:17:00,7.58,1,7.57,True
2018-04-27 02:52:00,10.0,pick,2018-04-27 02:38:00,2018-04-27 02:58:00,811,0,1,4,2018-04-26 19:17:00,7.59,1,7.58,True
2018-04-27 02:52:00,22.0,pick,2018-04-27 02:38:00,2018-04-27 02:58:00,825,0,1,4,2018-04-26 19:17:00,7.59,1,7.58,True
2018-04-27 03:01:00,1.0,fast,2018-04-27 03:01:00,2018-04-27 03:02:00,17,0,1,4,2018-04-26 19:17:00,7.74,1,7.73,True
2018-04-27 03:01:00,2.0,fast,2018-04-27 03:01:00,2018-04-27 03:02:00,22,0,1,4,2018-04-26 19:17:00,7.74,1,7.73,True
2018-04-27 03:23:00,13.0,pick,2018-04-27 03:22:00,2018-04-27 03:25:00,20,0,1,4,2018-04-26 19:17:00,8.1,1,8.1,True
2018-04-27 03:24:00,1.0,fast,2018-04-27 03:22:00,2018-04-27 03:25:00,99,0,1,4,2018-04-26 19:17:00,8.12,1,8.12,True
2018-04-27 03:25:00,0.076705397,rat,2018-04-27 03:22:00,2018-04-27 03:25:00,142,1,0,4,2018-04-26 19:17:00,8.14,1,8.13,True
2018-04-27 03:43:00,0.040958086,fast,2018-04-27 03:43:00,2018-04-27 03:46:00,38,0,1,4,2018-04-26 19:17:00,8.45,1,8.43,True
2018-04-27 04:01:00,3.0,pick,2018-04-27 03:59:00,2018-04-27 04:01:00,106,0,1,4,2018-04-26 19:17:00,8.74,1,8.73,True
2018-04-27 04:12:00,5.0,pick,2018-04-27 04:11:00,2018-04-27 04:16:00,106,0,1,4,2018-04-26 19:17:00,8.93,1,8.92,True
2018-04-26 23:05:00,0.044489486,fast,2018-04-26 23:04:00,2018-04-26 23:09:00,26,0,1,4,2018-04-26 19:17:00,3.81,1,3.8,True
2018-04-27 02:48:00,1.0,fast,2018-04-27 02:38:00,2018-04-27 02:58:00,570,0,1,4,2018-04-26 19:17:00,7.52,1,7.52,True
2018-04-27 03:25:00,3.0,fast,2018-04-27 03:22:00,2018-04-27 03:25:00,140,0,1,4,2018-04-26 19:17:00,8.14,1,8.13,True
2018-04-19 19:25:00,0.051207358,fast,2018-04-19 19:23:00,2018-04-19 19:33:00,75,0,1,4,2018-04-19 19:12:00,0.22,1,0.22,True
2018-04-19 19:26:00,1.0,fast,2018-04-19 19:23:00,2018-04-19 19:33:00,167,0,1,4,2018-04-19 19:12:00,0.24,1,0.23,True
2018-04-19 19:27:00,1.0,fast,2018-04-19 19:23:00,2018-04-19 19:33:00,230,0,1,4,2018-04-19 19:12:00,0.26,1,0.25,True
2018-04-19 19:32:00,5.0,rat,2018-04-19 19:23:00,2018-04-19 19:33:00,547,1,0,4,2018-04-19 19:12:00,0.35,1,0.33,True
2018-04-19 21:33:00,0.039785341,rat,2018-04-19 21:29:00,2018-04-19 21:39:00,220,1,0,4,2018-04-19 19:12:00,2.36,1,2.35,True
2018-04-19 21:38:00,3.0,pick,2018-04-19 21:29:00,2018-04-19 21:39:00,487,0,1,4,2018-04-19 19:12:00,2.43,1,2.43,True
2018-04-19 21:38:00,2.0,rat,2018-04-19 21:29:00,2018-04-19 21:39:00,493,1,0,4,2018-04-19 19:12:00,2.44,1,2.43,True
2018-04-19 22:34:00,4.0,rat,2018-04-19 22:34:00,2018-04-19 22:43:00,22,1,0,4,2018-04-19 19:12:00,3.38,1,3.37,True
2018-04-19 22:42:00,1.0,rat,2018-04-19 22:34:00,2018-04-19 22:43:00,472,1,0,4,2018-04-19 19:12:00,3.51,1,3.5,True
2018-04-20 00:03:00,12.0,pick,2018-04-20 00:00:00,2018-04-20 00:18:00,185,0,1,4,2018-04-19 19:12:00,4.86,1,4.85,True
2018-04-20 00:03:00,14.0,rat,2018-04-20 00:00:00,2018-04-20 00:18:00,207,1,0,4,2018-04-19 19:12:00,4.86,1,4.85,True
2018-04-20 00:04:00,5.0,rat,2018-04-20 00:00:00,2018-04-20 00:18:00,235,1,0,4,2018-04-19 19:12:00,4.87,1,4.87,True
2018-04-20 00:04:00,0.016181067,rat,2018-04-20 00:00:00,2018-04-20 00:18:00,262,1,0,4,2018-04-19 19:12:00,4.88,1,4.87,True
2018-04-20 00:08:00,11.0,rat,2018-04-20 00:00:00,2018-04-20 00:18:00,508,1,0,4,2018-04-19 19:12:00,4.95,1,4.93,True
2018-04-20 00:10:00,1.0,fast,2018-04-20 00:00:00,2018-04-20 00:18:00,579,0,1,4,2018-04-19 19:12:00,4.97,1,4.97,True
2018-04-20 00:11:00,0.093784466,fast,2018-04-20 00:00:00,2018-04-20 00:18:00,673,0,1,4,2018-04-19 19:12:00,4.99,1,4.98,True
2018-04-20 00:11:00,0.019265878,fast,2018-04-20 00:00:00,2018-04-20 00:18:00,697,0,1,4,2018-04-19 19:12:00,5.0,1,4.98,True
2018-04-20 00:12:00,1.0,fast,2018-04-20 00:00:00,2018-04-20 00:18:00,711,0,1,4,2018-04-19 19:12:00,5.0,1,5.0,True
2018-04-20 00:13:00,6.0,fast,2018-04-20 00:00:00,2018-04-20 00:18:00,809,0,1,4,2018-04-19 19:12:00,5.03,1,5.02,True
2018-04-20 00:14:00,10.0,rat,2018-04-20 00:00:00,2018-04-20 00:18:00,825,1,0,4,2018-04-19 19:12:00,5.04,1,5.03,True
2018-04-20 00:14:00,0.058920205,fast,2018-04-20 00:00:00,2018-04-20 00:18:00,863,0,1,4,2018-04-19 19:12:00,5.05,1,5.03,True
2018-04-20 02:00:00,0.024862202,fast,2018-04-20 01:59:00,2018-04-20 02:03:00,39,0,1,4,2018-04-19 19:12:00,6.8,1,6.8,True
2018-04-20 02:00:00,1.0,fast,2018-04-20 01:59:00,2018-04-20 02:03:00,41,0,1,4,2018-04-19 19:12:00,6.8,1,6.8,True
2018-04-20 02:00:00,10.0,rat,2018-04-20 01:59:00,2018-04-20 02:03:00,65,1,0,4,2018-04-19 19:12:00,6.81,1,6.8,True
2018-04-20 02:00:00,1.0,fast,2018-04-20 01:59:00,2018-04-20 02:03:00,84,0,1,4,2018-04-19 19:12:00,6.82,1,6.8,True
2018-04-20 02:01:00,1.0,fast,2018-04-20 01:59:00,2018-04-20 02:03:00,122,0,1,4,2018-04-19 19:12:00,6.83,1,6.82,True
2018-04-20 02:01:00,0.014004332,fast,2018-04-20 01:59:00,2018-04-20 02:03:00,141,0,1,4,2018-04-19 19:12:00,6.83,1,6.82,True
2018-04-20 02:02:00,7.0,rat,2018-04-20 01:59:00,2018-04-20 02:03:00,164,1,0,4,2018-04-19 19:12:00,6.84,1,6.83,True
2018-04-20 02:03:00,7.0,pick,2018-04-20 01:59:00,2018-04-20 02:03:00,216,0,1,4,2018-04-19 19:12:00,6.85,1,6.85,True
2018-04-20 02:48:00,3.0,rat,2018-04-20 02:44:00,2018-04-20 02:51:00,210,1,0,4,2018-04-19 19:12:00,7.6,1,7.6,True
2018-04-20 02:48:00,6.0,rat,2018-04-20 02:44:00,2018-04-20 02:51:00,235,1,0,4,2018-04-19 19:12:00,7.61,1,7.6,True
2018-04-20 02:49:00,4.0,pick,2018-04-20 02:44:00,2018-04-20 02:51:00,269,0,1,4,2018-04-19 19:12:00,7.62,1,7.62,True
2018-04-20 02:49:00,5.0,pick,2018-04-20 02:44:00,2018-04-20 02:51:00,303,0,1,4,2018-04-19 19:12:00,7.63,1,7.62,True
2018-04-20 03:27:00,4.0,fast,2018-04-20 03:24:00,2018-04-20 03:36:00,180,0,1,4,2018-04-19 19:12:00,8.25,1,8.25,True
2018-04-20 03:31:00,4.0,fast,2018-04-20 03:24:00,2018-04-20 03:36:00,467,0,1,4,2018-04-19 19:12:00,8.33,1,8.32,True
2018-04-20 03:32:00,10.0,pick,2018-04-20 03:24:00,2018-04-20 03:36:00,512,0,1,4,2018-04-19 19:12:00,8.34,1,8.33,True
2018-04-20 03:32:00,10.0,rat,2018-04-20 03:24:00,2018-04-20 03:36:00,521,1,0,4,2018-04-19 19:12:00,8.35,1,8.33,True
2018-04-20 03:33:00,2.0,fast,2018-04-20 03:24:00,2018-04-20 03:36:00,547,0,1,4,2018-04-19 19:12:00,8.35,1,8.35,True
2018-04-20 03:33:00,1.0,fast,2018-04-20 03:24:00,2018-04-20 03:36:00,573,0,1,4,2018-04-19 19:12:00,8.36,1,8.35,True
2018-04-20 03:33:00,3.0,fast,2018-04-20 03:24:00,2018-04-20 03:36:00,591,0,1,4,2018-04-19 19:12:00,8.37,1,8.35,True
2018-04-20 03:34:00,3.0,pick,2018-04-20 03:24:00,2018-04-20 03:36:00,621,0,1,4,2018-04-19 19:12:00,8.37,1,8.37,True
2018-04-20 03:57:00,3.0,fast,2018-04-20 03:51:00,2018-04-20 04:01:00,330,0,1,4,2018-04-19 19:12:00,8.76,1,8.75,True
2018-04-20 03:59:00,0.068554286,fast,2018-04-20 03:51:00,2018-04-20 04:01:00,487,0,1,4,2018-04-19 19:12:00,8.8,1,8.78,True
2018-04-20 04:00:00,3.0,pick,2018-04-20 03:51:00,2018-04-20 04:01:00,522,0,1,4,2018-04-19 19:12:00,8.81,1,8.8,True
2018-04-21 19:30:00,4.0,rat,2018-04-21 19:30:00,2018-04-21 19:35:00,24,1,0,4,2018-04-21 19:14:00,0.28,1,0.27,True
2018-04-21 19:58:00,1.0,fast,2018-04-21 19:57:00,2018-04-21 20:06:00,17,0,1,4,2018-04-21 19:14:00,0.74,1,0.73,True
2018-04-21 20:00:00,9.0,rat,2018-04-21 19:57:00,2018-04-21 20:06:00,130,1,0,4,2018-04-21 19:14:00,0.77,1,0.77,True
2018-04-21 22:57:00,1.0,fast,2018-04-21 22:57:00,2018-04-21 22:59:00,7,0,1,4,2018-04-21 19:14:00,3.73,1,3.72,True
2018-04-21 22:57:00,25.0,pick,2018-04-21 22:57:00,2018-04-21 22:59:00,22,0,1,4,2018-04-21 19:14:00,3.73,1,3.72,True
2018-04-21 22:59:00,6.0,pick,2018-04-21 22:57:00,2018-04-21 22:59:00,102,0,1,4,2018-04-21 19:14:00,3.75,1,3.75,True
2018-04-21 23:52:00,6.0,pick,2018-04-21 23:50:00,2018-04-21 23:56:00,126,0,1,4,2018-04-21 19:14:00,4.64,1,4.63,True
2018-04-21 23:54:00,1.0,fast,2018-04-21 23:50:00,2018-04-21 23:56:00,258,0,1,4,2018-04-21 19:14:00,4.68,1,4.67,True
2018-04-21 23:55:00,19.0,fast,2018-04-21 23:50:00,2018-04-21 23:56:00,287,0,1,4,2018-04-21 19:14:00,4.69,1,4.68,True
2018-04-22 01:25:00,3.0,fast,2018-04-22 01:25:00,2018-04-22 01:26:00,0,0,1,4,2018-04-21 19:14:00,6.19,1,6.18,True
2018-04-22 01:25:00,6.0,pick,2018-04-22 01:25:00,2018-04-22 01:26:00,14,0,1,4,2018-04-21 19:14:00,6.19,1,6.18,True
2018-04-22 01:26:00,1.0,fast,2018-04-22 01:25:00,2018-04-22 01:26:00,48,0,1,4,2018-04-21 19:14:00,6.2,1,6.2,True
2018-04-22 01:49:00,1.0,pick,2018-04-22 01:48:00,2018-04-22 01:50:00,59,0,1,4,2018-04-21 19:14:00,6.59,1,6.58,True
2018-04-22 02:13:00,11.0,pick,2018-04-22 02:13:00,2018-04-22 02:17:00,23,0,1,4,2018-04-21 19:14:00,6.99,1,6.98,True
2018-04-22 02:15:00,18.0,pick,2018-04-22 02:13:00,2018-04-22 02:17:00,141,0,1,4,2018-04-21 19:14:00,7.02,1,7.02,True
2018-04-22 02:16:00,2.0,pick,2018-04-22 02:13:00,2018-04-22 02:17:00,191,0,1,4,2018-04-21 19:14:00,7.04,1,7.03,True
2018-04-22 03:36:00,2.0,fast,2018-04-22 03:31:00,2018-04-22 03:44:00,309,0,1,4,2018-04-21 19:14:00,8.38,1,8.37,True
2018-04-22 03:39:00,1.0,fast,2018-04-22 03:31:00,2018-04-22 03:44:00,482,0,1,4,2018-04-21 19:14:00,8.43,1,8.42,True
2018-04-22 03:39:00,7.0,pick,2018-04-22 03:31:00,2018-04-22 03:44:00,501,0,1,4,2018-04-21 19:14:00,8.43,1,8.42,True
2018-04-22 03:42:00,6.0,pick,2018-04-22 03:31:00,2018-04-22 03:44:00,659,0,1,4,2018-04-21 19:14:00,8.48,1,8.47,True
2018-04-22 03:43:00,5.0,fast,2018-04-22 03:31:00,2018-04-22 03:44:00,707,0,1,4,2018-04-21 19:14:00,8.49,1,8.48,True
2018-04-22 03:43:00,2.0,fast,2018-04-22 03:31:00,2018-04-22 03:44:00,722,0,1,4,2018-04-21 19:14:00,8.49,1,8.48,True
2018-04-22 05:27:00,2.0,fast,2018-04-22 05:21:00,2018-04-22 05:55:00,372,0,1,4,2018-04-21 19:14:00,10.23,1,10.22,True
2018-04-18 05:19:00,1.0,fast,2018-04-18 05:15:00,2018-04-18 05:25:00,263,0,1,4,2018-04-17 19:11:00,10.15,1,10.13,True
2018-04-28 19:08:00,0.025345863,fast,2018-04-28 19:08:00,2018-04-28 19:16:00,2,0,1,4,2018-04-28 19:19:00,-0.17,1,-0.18,True
2018-04-28 19:10:00,0.096196,fast,2018-04-28 19:08:00,2018-04-28 19:16:00,76,0,1,4,2018-04-28 19:19:00,-0.15,1,-0.15,True
2018-04-28 19:10:00,0.063701466,pick,2018-04-28 19:08:00,2018-04-28 19:16:00,91,0,1,4,2018-04-28 19:19:00,-0.14,1,-0.15,True
2018-04-28 20:39:00,0.094784549,fast,2018-04-28 20:37:00,2018-04-28 20:44:00,105,0,1,4,2018-04-28 19:19:00,1.34,1,1.33,True
2018-04-28 20:44:00,0.014184241,rat,2018-04-28 20:37:00,2018-04-28 20:44:00,383,1,0,4,2018-04-28 19:19:00,1.42,1,1.42,True
2018-04-28 21:30:00,9.0,rat,2018-04-28 21:30:00,2018-04-28 21:31:00,0,1,0,4,2018-04-28 19:19:00,2.2,1,2.18,True
2018-04-28 23:02:00,1.0,fast,2018-04-28 23:01:00,2018-04-28 23:12:00,85,0,1,4,2018-04-28 19:19:00,3.73,1,3.72,True
2018-04-28 23:04:00,5.0,fast,2018-04-28 23:01:00,2018-04-28 23:12:00,188,0,1,4,2018-04-28 19:19:00,3.75,1,3.75,True
2018-04-28 23:22:00,0.090449811,rat,2018-04-28 23:21:00,2018-04-28 23:24:00,63,1,0,4,2018-04-28 19:19:00,4.05,1,4.05,True
2018-04-28 23:23:00,3.0,fast,2018-04-28 23:21:00,2018-04-28 23:24:00,139,0,1,4,2018-04-28 19:19:00,4.08,1,4.07,True
2018-04-28 23:24:00,14.0,pick,2018-04-28 23:21:00,2018-04-28 23:24:00,171,0,1,4,2018-04-28 19:19:00,4.08,1,4.08,True
2018-04-29 00:22:00,17.0,rat,2018-04-29 00:22:00,2018-04-29 00:27:00,28,1,0,4,2018-04-28 19:19:00,5.06,1,5.05,True
2018-04-29 00:23:00,20.0,rat,2018-04-29 00:22:00,2018-04-29 00:27:00,82,1,0,4,2018-04-28 19:19:00,5.08,1,5.07,True
2018-04-29 00:25:00,0.099179779,rat,2018-04-29 00:22:00,2018-04-29 00:27:00,206,1,0,4,2018-04-28 19:19:00,5.11,1,5.1,True
2018-04-29 00:27:00,11.0,pick,2018-04-29 00:22:00,2018-04-29 00:27:00,309,0,1,4,2018-04-28 19:19:00,5.14,1,5.13,True
2018-04-29 00:55:00,2.0,fast,2018-04-29 00:55:00,2018-04-29 00:56:00,8,0,1,4,2018-04-28 19:19:00,5.61,1,5.6,True
2018-04-29 00:55:00,0.043720185,rat,2018-04-29 00:55:00,2018-04-29 00:56:00,11,1,0,4,2018-04-28 19:19:00,5.61,1,5.6,True
2018-04-29 01:03:00,2.0,rat,2018-04-29 01:02:00,2018-04-29 01:06:00,47,1,0,4,2018-04-28 19:19:00,5.74,1,5.73,True
2018-04-29 01:03:00,6.0,rat,2018-04-29 01:02:00,2018-04-29 01:06:00,66,1,0,4,2018-04-28 19:19:00,5.74,1,5.73,True
2018-04-29 01:03:00,3.0,fast,2018-04-29 01:02:00,2018-04-29 01:06:00,87,0,1,4,2018-04-28 19:19:00,5.75,1,5.73,True
2018-04-29 01:04:00,0.069546705,rat,2018-04-29 01:02:00,2018-04-29 01:06:00,132,1,0,4,2018-04-28 19:19:00,5.76,1,5.75,True
2018-04-29 01:05:00,5.0,pick,2018-04-29 01:02:00,2018-04-29 01:06:00,172,0,1,4,2018-04-28 19:19:00,5.77,1,5.77,True
2018-04-29 01:05:00,6.0,fast,2018-04-29 01:02:00,2018-04-29 01:06:00,182,0,1,4,2018-04-28 19:19:00,5.77,1,5.77,True
2018-04-29 01:05:00,0.087634798,fast,2018-04-29 01:02:00,2018-04-29 01:06:00,206,0,1,4,2018-04-28 19:19:00,5.78,1,5.77,True
2018-04-29 01:05:00,3.0,fast,2018-04-29 01:02:00,2018-04-29 01:06:00,211,0,1,4,2018-04-28 19:19:00,5.78,1,5.77,True
2018-04-29 01:20:00,0.038141769,pick,2018-04-29 01:19:00,2018-04-29 01:24:00,5,0,1,4,2018-04-28 19:19:00,6.02,1,6.02,True
2018-04-29 01:20:00,2.0,fast,2018-04-29 01:19:00,2018-04-29 01:24:00,58,0,1,4,2018-04-28 19:19:00,6.03,1,6.02,True
2018-04-29 01:21:00,2.0,fast,2018-04-29 01:19:00,2018-04-29 01:24:00,119,0,1,4,2018-04-28 19:19:00,6.05,1,6.03,True
2018-04-29 01:43:00,4.0,fast,2018-04-29 01:41:00,2018-04-29 01:51:00,105,0,1,4,2018-04-28 19:19:00,6.41,1,6.4,True
2018-04-29 01:44:00,5.0,pick,2018-04-29 01:41:00,2018-04-29 01:51:00,180,0,1,4,2018-04-28 19:19:00,6.43,1,6.42,True
2018-04-29 01:44:00,3.0,fast,2018-04-29 01:41:00,2018-04-29 01:51:00,187,0,1,4,2018-04-28 19:19:00,6.43,1,6.42,True
2018-04-29 01:45:00,5.0,pick,2018-04-29 01:41:00,2018-04-29 01:51:00,247,0,1,4,2018-04-28 19:19:00,6.45,1,6.43,True
2018-04-29 01:46:00,0.020820512,fast,2018-04-29 01:41:00,2018-04-29 01:51:00,252,0,1,4,2018-04-28 19:19:00,6.45,1,6.45,True
2018-04-29 01:51:00,21.0,pick,2018-04-29 01:41:00,2018-04-29 01:51:00,572,0,1,4,2018-04-28 19:19:00,6.54,1,6.53,True
2018-04-29 02:51:00,1.0,fast,2018-04-29 02:51:00,2018-04-29 03:06:00,36,0,1,4,2018-04-28 19:19:00,7.54,1,7.53,True
2018-04-29 02:52:00,31.0,pick,2018-04-29 02:51:00,2018-04-29 03:06:00,80,0,1,4,2018-04-28 19:19:00,7.56,1,7.55,True
2018-04-29 02:53:00,6.0,pick,2018-04-29 02:51:00,2018-04-29 03:06:00,169,0,1,4,2018-04-28 19:19:00,7.58,1,7.57,True
2018-04-29 02:59:00,4.0,pick,2018-04-29 02:51:00,2018-04-29 03:06:00,485,0,1,4,2018-04-28 19:19:00,7.67,1,7.67,True
2018-04-29 02:59:00,7.0,pick,2018-04-29 02:51:00,2018-04-29 03:06:00,499,0,1,4,2018-04-28 19:19:00,7.67,1,7.67,True
2018-04-29 03:04:00,3.0,fast,2018-04-29 02:51:00,2018-04-29 03:06:00,783,0,1,4,2018-04-28 19:19:00,7.75,1,7.75,True
2018-04-29 03:34:00,12.0,pick,2018-04-29 03:33:00,2018-04-29 03:48:00,63,0,1,4,2018-04-28 19:19:00,8.26,1,8.25,True
2018-04-29 03:45:00,0.094601342,rat,2018-04-29 03:33:00,2018-04-29 03:48:00,708,1,0,4,2018-04-28 19:19:00,8.44,1,8.43,True
2018-04-29 04:34:00,0.044300625,fast,2018-04-29 04:31:00,2018-04-29 04:37:00,192,0,1,4,2018-04-28 19:19:00,9.26,1,9.25,True
2018-04-29 04:36:00,0.09536188,fast,2018-04-29 04:31:00,2018-04-29 04:37:00,315,0,1,4,2018-04-28 19:19:00,9.3,1,9.28,True
2018-04-29 05:00:00,0.091074825,fast,2018-04-29 04:58:00,2018-04-29 05:00:00,109,0,1,4,2018-04-28 19:19:00,9.69,1,9.68,True
2018-04-28 23:21:00,2.0,fast,2018-04-28 23:21:00,2018-04-28 23:24:00,44,0,1,4,2018-04-28 19:19:00,4.05,1,4.03,True
2018-04-28 23:22:00,1.0,pick,2018-04-28 23:21:00,2018-04-28 23:24:00,60,0,1,4,2018-04-28 19:19:00,4.05,1,4.05,True
2018-04-28 23:22:00,80.0,rat,2018-04-28 23:21:00,2018-04-28 23:24:00,71,1,0,4,2018-04-28 19:19:00,4.06,1,4.05,True
2018-04-29 02:52:00,1.0,fast,2018-04-29 02:51:00,2018-04-29 03:06:00,66,0,1,4,2018-04-28 19:19:00,7.55,1,7.55,True
2018-04-29 20:43:00,0.017597713,fast,2018-04-29 20:37:00,2018-04-29 20:53:00,389,0,1,4,2018-04-29 19:19:00,1.41,1,1.4,True
2018-04-29 20:48:00,0.032534418,fast,2018-04-29 20:37:00,2018-04-29 20:53:00,695,0,1,4,2018-04-29 19:19:00,1.5,1,1.48,True
2018-04-29 20:49:00,4.0,fast,2018-04-29 20:37:00,2018-04-29 20:53:00,710,0,1,4,2018-04-29 19:19:00,1.5,1,1.5,True
2018-04-29 22:53:00,2.0,fast,2018-04-29 22:53:00,2018-04-29 23:06:00,9,0,1,4,2018-04-29 19:19:00,3.57,1,3.57,True
2018-04-29 22:54:00,36.0,rat,2018-04-29 22:53:00,2018-04-29 23:06:00,67,1,0,4,2018-04-29 19:19:00,3.59,1,3.58,True
2018-04-29 22:55:00,8.0,rat,2018-04-29 22:53:00,2018-04-29 23:06:00,144,1,0,4,2018-04-29 19:19:00,3.61,1,3.6,True
2018-04-29 22:56:00,0.097800752,rat,2018-04-29 22:53:00,2018-04-29 23:06:00,184,1,0,4,2018-04-29 19:19:00,3.62,1,3.62,True
2018-04-29 23:01:00,2.0,fast,2018-04-29 22:53:00,2018-04-29 23:06:00,521,0,1,4,2018-04-29 19:19:00,3.72,1,3.7,True
2018-04-29 23:06:00,0.078489345,fast,2018-04-29 22:53:00,2018-04-29 23:06:00,776,0,1,4,2018-04-29 19:19:00,3.79,1,3.78,True
2018-04-30 01:31:00,4.0,fast,2018-04-30 01:26:00,2018-04-30 01:44:00,304,0,1,4,2018-04-29 19:19:00,6.22,1,6.2,True
2018-04-30 01:32:00,4.0,pick,2018-04-30 01:26:00,2018-04-30 01:44:00,323,0,1,4,2018-04-29 19:19:00,6.22,1,6.22,True
2018-04-30 01:33:00,0.040027684,rat,2018-04-30 01:26:00,2018-04-30 01:44:00,407,1,0,4,2018-04-29 19:19:00,6.24,1,6.23,True
2018-04-30 01:37:00,0.076567662,fast,2018-04-30 01:26:00,2018-04-30 01:44:00,633,0,1,4,2018-04-29 19:19:00,6.31,1,6.3,True
2018-04-30 01:42:00,3.0,fast,2018-04-30 01:26:00,2018-04-30 01:44:00,925,0,1,4,2018-04-29 19:19:00,6.39,1,6.38,True
2018-04-30 02:42:00,0.094277126,fast,2018-04-30 02:41:00,2018-04-30 02:55:00,63,0,1,4,2018-04-29 19:19:00,7.39,1,7.38,True
2018-04-30 02:42:00,1.0,fast,2018-04-30 02:41:00,2018-04-30 02:55:00,91,0,1,4,2018-04-29 19:19:00,7.4,1,7.38,True
2018-04-30 02:43:00,7.0,pick,2018-04-30 02:41:00,2018-04-30 02:55:00,162,0,1,4,2018-04-29 19:19:00,7.42,1,7.4,True
2018-04-30 02:44:00,0.037865482,fast,2018-04-30 02:41:00,2018-04-30 02:55:00,191,0,1,4,2018-04-29 19:19:00,7.42,1,7.42,True
2018-04-30 02:44:00,4.0,fast,2018-04-30 02:41:00,2018-04-30 02:55:00,222,0,1,4,2018-04-29 19:19:00,7.43,1,7.42,True
2018-04-30 02:51:00,0.099086619,fast,2018-04-30 02:41:00,2018-04-30 02:55:00,624,0,1,4,2018-04-29 19:19:00,7.54,1,7.53,True
2018-04-30 03:54:00,6.0,pick,2018-04-30 03:43:00,2018-04-30 04:42:00,653,0,1,4,2018-04-29 19:19:00,8.6,1,8.58,True
2018-04-27 21:57:00,8.0,rat,2018-04-27 21:56:00,2018-04-27 22:00:00,47,1,0,4,2018-04-27 19:18:00,2.66,1,2.65,True
2018-04-27 22:00:00,5.0,rat,2018-04-27 21:56:00,2018-04-27 22:00:00,199,1,0,4,2018-04-27 19:18:00,2.7,1,2.7,True
2018-04-27 22:41:00,1.0,rat,2018-04-27 22:39:00,2018-04-27 22:41:00,127,1,0,4,2018-04-27 19:18:00,3.39,1,3.38,True
2018-04-27 23:01:00,2.0,fast,2018-04-27 23:01:00,2018-04-27 23:12:00,18,0,1,4,2018-04-27 19:18:00,3.73,1,3.72,True
2018-04-27 23:02:00,1.0,fast,2018-04-27 23:01:00,2018-04-27 23:12:00,79,0,1,4,2018-04-27 19:18:00,3.75,1,3.73,True
2018-04-27 23:03:00,2.0,fast,2018-04-27 23:01:00,2018-04-27 23:12:00,105,0,1,4,2018-04-27 19:18:00,3.76,1,3.75,True
2018-04-27 23:16:00,1.0,fast,2018-04-27 23:15:00,2018-04-27 23:17:00,35,0,1,4,2018-04-27 19:18:00,3.97,1,3.97,True
2018-04-27 23:16:00,3.0,fast,2018-04-27 23:15:00,2018-04-27 23:17:00,74,0,1,4,2018-04-27 19:18:00,3.98,1,3.97,True
2018-04-27 23:17:00,2.0,fast,2018-04-27 23:15:00,2018-04-27 23:17:00,120,0,1,4,2018-04-27 19:18:00,3.99,1,3.98,True
2018-04-27 23:42:00,6.0,pick,2018-04-27 23:41:00,2018-04-27 23:43:00,23,0,1,4,2018-04-27 19:18:00,4.4,1,4.4,True
2018-04-28 00:10:00,3.0,rat,2018-04-28 00:04:00,2018-04-28 00:14:00,330,1,0,4,2018-04-27 19:18:00,4.87,1,4.87,True
2018-04-28 00:10:00,6.0,pick,2018-04-28 00:04:00,2018-04-28 00:14:00,363,0,1,4,2018-04-27 19:18:00,4.88,1,4.87,True
2018-04-28 00:11:00,2.0,fast,2018-04-28 00:04:00,2018-04-28 00:14:00,373,0,1,4,2018-04-27 19:18:00,4.88,1,4.88,True
2018-04-28 00:11:00,4.0,pick,2018-04-28 00:04:00,2018-04-28 00:14:00,401,0,1,4,2018-04-27 19:18:00,4.89,1,4.88,True
2018-04-28 00:11:00,1.0,rat,2018-04-28 00:04:00,2018-04-28 00:14:00,408,1,0,4,2018-04-27 19:18:00,4.89,1,4.88,True
2018-04-28 00:12:00,7.0,rat,2018-04-28 00:04:00,2018-04-28 00:14:00,434,1,0,4,2018-04-27 19:18:00,4.9,1,4.9,True
2018-04-28 00:12:00,6.0,pick,2018-04-28 00:04:00,2018-04-28 00:14:00,449,0,1,4,2018-04-27 19:18:00,4.91,1,4.9,True
2018-04-28 00:13:00,18.0,pick,2018-04-28 00:04:00,2018-04-28 00:14:00,497,0,1,4,2018-04-27 19:18:00,4.92,1,4.92,True
2018-04-28 00:13:00,3.0,fast,2018-04-28 00:04:00,2018-04-28 00:14:00,520,0,1,4,2018-04-27 19:18:00,4.93,1,4.92,True
2018-04-28 01:06:00,1.0,fast,2018-04-28 01:06:00,2018-04-28 01:07:00,19,0,1,4,2018-04-27 19:18:00,5.81,1,5.8,True
2018-04-28 01:06:00,0.063724824,fast,2018-04-28 01:06:00,2018-04-28 01:07:00,35,0,1,4,2018-04-27 19:18:00,5.81,1,5.8,True
2018-04-28 01:07:00,6.0,pick,2018-04-28 01:06:00,2018-04-28 01:07:00,74,0,1,4,2018-04-27 19:18:00,5.82,1,5.82,True
2018-04-28 02:14:00,4.0,pick,2018-04-28 02:13:00,2018-04-28 02:14:00,90,0,1,4,2018-04-27 19:18:00,6.95,1,6.93,True
2018-04-28 02:22:00,0.026148246,fast,2018-04-28 02:21:00,2018-04-28 02:23:00,90,0,1,4,2018-04-27 19:18:00,7.08,1,7.07,True
2018-04-28 02:49:00,7.0,pick,2018-04-28 02:47:00,2018-04-28 02:51:00,128,0,1,4,2018-04-27 19:18:00,7.53,1,7.52,True
2018-04-28 02:50:00,0.08833199,fast,2018-04-28 02:47:00,2018-04-28 02:51:00,139,0,1,4,2018-04-27 19:18:00,7.53,1,7.53,True
2018-04-28 02:50:00,8.0,pick,2018-04-28 02:47:00,2018-04-28 02:51:00,170,0,1,4,2018-04-27 19:18:00,7.54,1,7.53,True
2018-04-28 02:51:00,6.0,pick,2018-04-28 02:47:00,2018-04-28 02:51:00,211,0,1,4,2018-04-27 19:18:00,7.55,1,7.55,True
2018-04-28 03:25:00,2.0,fast,2018-04-28 03:24:00,2018-04-28 03:25:00,45,0,1,4,2018-04-27 19:18:00,8.13,1,8.12,True
2018-04-28 03:36:00,3.0,fast,2018-04-28 03:33:00,2018-04-28 03:36:00,194,0,1,4,2018-04-27 19:18:00,8.3,1,8.3,True
2018-04-28 03:51:00,3.0,fast,2018-04-28 03:48:00,2018-04-28 04:09:00,172,0,1,4,2018-04-27 19:18:00,8.55,1,8.55,True
2018-04-28 05:16:00,17.0,rat,2018-04-28 05:14:00,2018-04-28 05:21:00,115,1,0,4,2018-04-27 19:18:00,9.98,1,9.97,True
2018-04-28 05:20:00,1.0,pick,2018-04-28 05:14:00,2018-04-28 05:21:00,370,0,1,4,2018-04-27 19:18:00,10.05,1,10.03,True
2018-04-28 05:55:00,3.0,fast,2018-04-28 05:55:00,2018-04-28 06:05:00,56,0,1,4,2018-04-27 19:18:00,10.63,1,10.62,True
2018-04-19 00:19:00,7.0,pick,2018-04-19 00:18:00,2018-04-19 00:19:00,59,0,1,4,2018-04-18 19:12:00,5.12,1,5.12,True
2018-04-19 01:15:00,3.0,fast,2018-04-19 01:12:00,2018-04-19 01:18:00,187,0,1,4,2018-04-18 19:12:00,6.06,1,6.05,True
2018-04-19 04:31:00,8.0,rat,2018-04-19 04:28:00,2018-04-19 04:34:00,200,1,0,4,2018-04-18 19:12:00,9.33,1,9.32,True
2018-04-19 04:32:00,1.0,fast,2018-04-19 04:28:00,2018-04-19 04:34:00,210,0,1,4,2018-04-18 19:12:00,9.33,1,9.33,True
2018-04-19 04:33:00,5.0,pick,2018-04-19 04:28:00,2018-04-19 04:34:00,274,0,1,4,2018-04-18 19:12:00,9.35,1,9.35,True
2018-04-19 04:33:00,14.0,pick,2018-04-19 04:28:00,2018-04-19 04:34:00,280,0,1,4,2018-04-18 19:12:00,9.35,1,9.35,True
2018-04-30 21:15:00,2.0,rat,2018-04-30 21:14:00,2018-04-30 21:16:00,38,1,0,4,2018-04-30 19:20:00,1.93,1,1.92,True
2018-04-30 22:12:00,11.0,pick,2018-04-30 22:08:00,2018-04-30 22:15:00,228,0,1,4,2018-04-30 19:20:00,2.88,1,2.87,True
2018-04-30 22:40:00,32.0,rat,2018-04-30 22:34:00,2018-04-30 22:40:00,359,1,0,4,2018-04-30 19:20:00,3.34,1,3.33,True
2018-04-30 23:07:00,36.0,pick,2018-04-30 23:07:00,2018-04-30 23:11:00,0,0,1,4,2018-04-30 19:20:00,3.79,1,3.78,True
2018-04-30 23:31:00,2.0,fast,2018-04-30 23:19:00,2018-04-30 23:32:00,773,0,1,4,2018-04-30 19:20:00,4.2,1,4.18,True
2018-04-22 19:41:00,2.0,fast,2018-04-22 19:38:00,2018-04-22 19:42:00,203,0,1,4,2018-04-22 19:14:00,0.46,1,0.45,True
2018-04-23 00:11:00,7.0,pick,2018-04-23 00:08:00,2018-04-23 00:12:00,161,0,1,4,2018-04-22 19:14:00,4.96,1,4.95,True
2018-04-23 00:12:00,2.0,pick,2018-04-23 00:08:00,2018-04-23 00:12:00,238,0,1,4,2018-04-22 19:14:00,4.98,1,4.97,True
2018-04-23 00:46:00,5.0,fast,2018-04-23 00:45:00,2018-04-23 00:50:00,64,0,1,4,2018-04-22 19:14:00,5.54,1,5.53,True
2018-04-23 00:48:00,4.0,pick,2018-04-23 00:45:00,2018-04-23 00:50:00,174,0,1,4,2018-04-22 19:14:00,5.57,1,5.57,True
2018-04-23 00:49:00,4.0,pick,2018-04-23 00:45:00,2018-04-23 00:50:00,263,0,1,4,2018-04-22 19:14:00,5.59,1,5.58,True
2018-04-23 00:49:00,16.0,pick,2018-04-23 00:45:00,2018-04-23 00:50:00,276,0,1,4,2018-04-22 19:14:00,5.6,1,5.58,True
2018-04-23 01:08:00,1.0,fast,2018-04-23 01:07:00,2018-04-23 01:10:00,105,0,1,4,2018-04-22 19:14:00,5.92,1,5.9,True
2018-04-23 01:10:00,2.0,fast,2018-04-23 01:07:00,2018-04-23 01:10:00,183,0,1,4,2018-04-22 19:14:00,5.94,1,5.93,True
2018-04-23 01:41:00,3.0,pick,2018-04-23 01:41:00,2018-04-23 01:44:00,1,0,1,4,2018-04-22 19:14:00,6.46,1,6.45,True
2018-04-23 00:47:00,4.0,pick,2018-04-23 00:45:00,2018-04-23 00:50:00,161,0,1,4,2018-04-22 19:14:00,5.56,1,5.55,True
2018-04-25 19:31:00,28.0,pick,2018-04-25 19:24:00,2018-04-25 19:32:00,433,0,1,4,2018-04-25 19:17:00,0.24,1,0.23,True
2018-04-20 19:22:00,1.0,fast,2018-04-20 19:18:00,2018-04-20 19:26:00,254,0,1,4,2018-04-20 19:13:00,0.16,1,0.15,True
2018-04-20 19:25:00,5.0,fast,2018-04-20 19:18:00,2018-04-20 19:26:00,383,0,1,4,2018-04-20 19:13:00,0.2,1,0.2,True
2018-04-20 19:25:00,0.039481249,fast,2018-04-20 19:18:00,2018-04-20 19:26:00,440,0,1,4,2018-04-20 19:13:00,0.22,1,0.2,True
2018-04-20 21:11:00,37.0,rat,2018-04-20 21:05:00,2018-04-20 21:11:00,375,1,0,4,2018-04-20 19:13:00,1.98,1,1.97,True
2018-04-20 21:21:00,109.0,rat,2018-04-20 21:20:00,2018-04-20 21:34:00,90,1,0,4,2018-04-20 19:13:00,2.14,1,2.13,True
2018-04-20 21:22:00,2.0,fast,2018-04-20 21:20:00,2018-04-20 21:34:00,139,0,1,4,2018-04-20 19:13:00,2.16,1,2.15,True
2018-04-20 21:24:00,25.0,pick,2018-04-20 21:20:00,2018-04-20 21:34:00,250,0,1,4,2018-04-20 19:13:00,2.19,1,2.18,True
2018-04-20 21:27:00,37.0,pick,2018-04-20 21:20:00,2018-04-20 21:34:00,477,0,1,4,2018-04-20 19:13:00,2.25,1,2.23,True
2018-04-20 21:59:00,2.0,pick,2018-04-20 21:59:00,2018-04-20 21:59:00,12,0,1,4,2018-04-20 19:13:00,2.77,1,2.77,True
2018-04-21 00:49:00,1.0,pick,2018-04-21 00:49:00,2018-04-21 00:55:00,0,0,1,4,2018-04-20 19:13:00,5.6,1,5.6,True
2018-04-21 00:55:00,0.071239584,fast,2018-04-21 00:49:00,2018-04-21 00:55:00,383,0,1,4,2018-04-20 19:13:00,5.71,1,5.7,True
2018-04-21 01:44:00,11.0,rat,2018-04-21 01:43:00,2018-04-21 01:45:00,25,1,0,4,2018-04-20 19:13:00,6.52,1,6.52,True
2018-04-21 02:09:00,0.033235649,fast,2018-04-21 02:06:00,2018-04-21 02:18:00,150,0,1,4,2018-04-20 19:13:00,6.94,1,6.93,True
2018-04-21 02:09:00,3.0,pick,2018-04-21 02:06:00,2018-04-21 02:18:00,172,0,1,4,2018-04-20 19:13:00,6.95,1,6.93,True
2018-04-21 02:14:00,15.0,rat,2018-04-21 02:06:00,2018-04-21 02:18:00,460,1,0,4,2018-04-20 19:13:00,7.03,1,7.02,True
2018-04-21 02:15:00,1.0,fast,2018-04-21 02:06:00,2018-04-21 02:18:00,482,0,1,4,2018-04-20 19:13:00,7.03,1,7.03,True
2018-04-21 02:16:00,1.0,rat,2018-04-21 02:06:00,2018-04-21 02:18:00,580,1,0,4,2018-04-20 19:13:00,7.06,1,7.05,True
2018-04-21 02:16:00,17.0,rat,2018-04-21 02:06:00,2018-04-21 02:18:00,587,1,0,4,2018-04-20 19:13:00,7.06,1,7.05,True
2018-04-21 02:17:00,0.0502264,fast,2018-04-21 02:06:00,2018-04-21 02:18:00,603,0,1,4,2018-04-20 19:13:00,7.07,1,7.07,True
2018-04-21 02:17:00,2.0,fast,2018-04-21 02:06:00,2018-04-21 02:18:00,638,0,1,4,2018-04-20 19:13:00,7.08,1,7.07,True
2018-04-21 03:26:00,1.0,fast,2018-04-21 03:21:00,2018-04-21 03:26:00,261,0,1,4,2018-04-20 19:13:00,8.22,1,8.22,True
2018-04-21 03:26:00,6.0,rat,2018-04-21 03:21:00,2018-04-21 03:26:00,279,1,0,4,2018-04-20 19:13:00,8.22,1,8.22,True
2018-04-21 05:54:00,4.0,fast,2018-04-21 05:50:00,2018-04-21 06:09:00,285,0,1,4,2018-04-20 19:13:00,10.7,1,10.68,True
2018-04-21 00:54:00,17.0,pick,2018-04-21 00:49:00,2018-04-21 00:55:00,336,0,1,4,2018-04-20 19:13:00,5.7,1,5.68,True
2018-05-06 23:55:00,4.0,rat,2018-05-06 23:44:00,2018-05-06 23:55:00,629,1,0,5,2018-05-06 19:24:00,4.52,1,4.52,True
2018-05-07 03:45:00,23.0,rat,2018-05-07 03:38:00,2018-05-07 03:54:00,423,1,0,5,2018-05-06 19:24:00,8.35,1,8.35,True
2018-05-07 04:28:00,2.0,rat,2018-05-07 04:25:00,2018-05-07 04:36:00,158,1,0,5,2018-05-06 19:24:00,9.07,1,9.07,True
2018-05-07 04:44:00,42.0,rat,2018-05-07 04:43:00,2018-05-07 04:46:00,108,1,0,5,2018-05-06 19:24:00,9.35,1,9.33,True
2018-05-07 05:32:00,10.0,pick,2018-05-07 05:30:00,2018-05-07 05:42:00,149,0,1,5,2018-05-06 19:24:00,10.15,1,10.13,True
2018-05-07 05:33:00,2.0,rat,2018-05-07 05:30:00,2018-05-07 05:42:00,187,1,0,5,2018-05-06 19:24:00,10.16,1,10.15,True
2018-05-09 01:39:00,31.0,pick,2018-05-09 01:35:00,2018-05-09 01:39:00,230,0,1,5,2018-05-08 19:26:00,6.22,1,6.22,True
2018-05-09 02:34:00,2.0,fast,2018-05-09 02:33:00,2018-05-09 02:39:00,61,0,1,5,2018-05-08 19:26:00,7.14,1,7.13,True
2018-05-09 02:35:00,1.0,fast,2018-05-09 02:33:00,2018-05-09 02:39:00,132,0,1,5,2018-05-08 19:26:00,7.16,1,7.15,True
2018-05-09 02:35:00,4.0,pick,2018-05-09 02:33:00,2018-05-09 02:39:00,137,0,1,5,2018-05-08 19:26:00,7.16,1,7.15,True
2018-05-09 02:35:00,5.0,pick,2018-05-09 02:33:00,2018-05-09 02:39:00,144,0,1,5,2018-05-08 19:26:00,7.16,1,7.15,True
2018-05-09 02:38:00,21.0,pick,2018-05-09 02:33:00,2018-05-09 02:39:00,318,0,1,5,2018-05-08 19:26:00,7.21,1,7.2,True
2018-05-09 02:39:00,7.0,pick,2018-05-09 02:33:00,2018-05-09 02:39:00,367,0,1,5,2018-05-08 19:26:00,7.22,1,7.22,True
2018-05-09 02:39:00,23.0,pick,2018-05-09 02:33:00,2018-05-09 02:39:00,378,0,1,5,2018-05-08 19:26:00,7.22,1,7.22,True
2018-05-09 03:23:00,1.0,fast,2018-05-09 03:21:00,2018-05-09 03:30:00,78,0,1,5,2018-05-08 19:26:00,7.95,1,7.95,True
2018-05-09 03:29:00,8.0,rat,2018-05-09 03:21:00,2018-05-09 03:30:00,483,1,0,5,2018-05-08 19:26:00,8.07,1,8.05,True
2018-05-09 03:30:00,8.0,rat,2018-05-09 03:21:00,2018-05-09 03:30:00,530,1,0,5,2018-05-08 19:26:00,8.08,1,8.07,True
2018-05-01 19:09:00,4.0,pick,2018-05-01 18:58:00,2018-05-01 19:17:00,618,0,1,5,2018-05-01 19:21:00,-0.2,1,-0.2,True
2018-05-01 19:10:00,1.0,fast,2018-05-01 18:58:00,2018-05-01 19:17:00,703,0,1,5,2018-05-01 19:21:00,-0.18,1,-0.18,True
2018-05-01 19:14:00,1.0,fast,2018-05-01 18:58:00,2018-05-01 19:17:00,939,0,1,5,2018-05-01 19:21:00,-0.11,1,-0.12,True
2018-05-01 21:28:00,1.0,fast,2018-05-01 21:27:00,2018-05-01 21:38:00,62,0,1,5,2018-05-01 19:21:00,2.12,1,2.12,True
2018-05-01 21:34:00,1.0,fast,2018-05-01 21:27:00,2018-05-01 21:38:00,443,0,1,5,2018-05-01 19:21:00,2.23,1,2.22,True
2018-05-01 23:12:00,23.0,pick,2018-05-01 23:08:00,2018-05-01 23:12:00,261,0,1,5,2018-05-01 19:21:00,3.86,1,3.85,True
2018-05-01 23:56:00,10.0,pick,2018-05-01 23:54:00,2018-05-02 00:00:00,130,0,1,5,2018-05-01 19:21:00,4.59,1,4.58,True
2018-05-02 00:47:00,2.0,pick,2018-05-02 00:46:00,2018-05-02 00:58:00,10,0,1,5,2018-05-01 19:21:00,5.43,1,5.43,True
2018-05-02 00:47:00,19.0,rat,2018-05-02 00:46:00,2018-05-02 00:58:00,12,1,0,5,2018-05-01 19:21:00,5.43,1,5.43,True
2018-05-02 00:49:00,1.0,fast,2018-05-02 00:46:00,2018-05-02 00:58:00,142,0,1,5,2018-05-01 19:21:00,5.47,1,5.47,True
2018-05-02 00:53:00,22.0,pick,2018-05-02 00:46:00,2018-05-02 00:58:00,408,0,1,5,2018-05-01 19:21:00,5.54,1,5.53,True
2018-05-02 00:54:00,7.0,pick,2018-05-02 00:46:00,2018-05-02 00:58:00,433,0,1,5,2018-05-01 19:21:00,5.55,1,5.55,True
2018-05-02 00:57:00,4.0,rat,2018-05-02 00:46:00,2018-05-02 00:58:00,627,1,0,5,2018-05-01 19:21:00,5.61,1,5.6,True
2018-05-02 01:35:00,2.0,rat,2018-05-02 01:34:00,2018-05-02 01:36:00,99,1,0,5,2018-05-01 19:21:00,6.25,1,6.23,True
2018-05-02 02:52:00,30.0,pick,2018-05-02 02:45:00,2018-05-02 02:52:00,394,0,1,5,2018-05-01 19:21:00,7.52,1,7.52,True
2018-05-02 03:51:00,1.0,fast,2018-05-02 03:50:00,2018-05-02 03:51:00,23,0,1,5,2018-05-01 19:21:00,8.5,1,8.5,True
2018-05-02 05:09:00,0.019932178,fast,2018-05-02 05:07:00,2018-05-02 05:10:00,110,0,1,5,2018-05-01 19:21:00,9.81,1,9.8,True
2018-05-08 01:03:00,4.0,rat,2018-05-08 01:02:00,2018-05-08 01:03:00,78,1,0,5,2018-05-07 19:25:00,5.64,1,5.63,True
2018-05-08 02:33:00,2.0,fast,2018-05-08 02:33:00,2018-05-08 02:35:00,48,0,1,5,2018-05-07 19:25:00,7.15,1,7.13,True
2018-05-08 02:35:00,7.0,pick,2018-05-08 02:33:00,2018-05-08 02:35:00,123,0,1,5,2018-05-07 19:25:00,7.17,1,7.17,True
2018-05-08 02:35:00,5.0,rat,2018-05-08 02:33:00,2018-05-08 02:35:00,161,1,0,5,2018-05-07 19:25:00,7.18,1,7.17,True
2018-05-10 03:13:00,3.0,fast,2018-05-10 03:13:00,2018-05-10 03:17:00,31,0,1,5,2018-05-09 19:26:00,7.79,1,7.78,True
2018-05-10 04:44:00,3.0,rat,2018-05-10 04:43:00,2018-05-10 04:48:00,29,1,0,5,2018-05-09 19:26:00,9.3,1,9.3,True
2018-05-10 22:09:00,4.0,fast,2018-05-10 22:08:00,2018-05-10 22:13:00,15,0,1,5,2018-05-10 19:27:00,2.7,1,2.7,True
2018-05-10 22:10:00,1.0,fast,2018-05-10 22:08:00,2018-05-10 22:13:00,105,0,1,5,2018-05-10 19:27:00,2.73,1,2.72,True
2018-05-10 22:12:00,7.0,rat,2018-05-10 22:08:00,2018-05-10 22:13:00,218,1,0,5,2018-05-10 19:27:00,2.76,1,2.75,True
2018-05-10 22:12:00,24.0,rat,2018-05-10 22:08:00,2018-05-10 22:13:00,228,1,0,5,2018-05-10 19:27:00,2.76,1,2.75,True
2018-05-10 23:57:00,22.0,rat,2018-05-10 23:55:00,2018-05-11 00:02:00,87,1,0,5,2018-05-10 19:27:00,4.51,1,4.5,True
2018-05-11 02:45:00,2.0,rat,2018-05-11 02:35:00,2018-05-11 02:47:00,627,1,0,5,2018-05-10 19:27:00,7.31,1,7.3,True
2018-05-11 04:30:00,8.0,rat,2018-05-11 04:25:00,2018-05-11 04:36:00,331,1,0,5,2018-05-10 19:27:00,9.06,1,9.05,True
2018-05-17 22:46:00,1.0,fast,2018-05-17 22:41:00,2018-05-17 22:48:00,247,0,1,5,2018-05-17 19:32:00,3.23,1,3.23,True
2018-05-17 22:46:00,9.0,rat,2018-05-17 22:41:00,2018-05-17 22:48:00,252,1,0,5,2018-05-17 19:32:00,3.24,1,3.23,True
2018-05-17 23:50:00,1.0,rat,2018-05-17 23:49:00,2018-05-17 23:58:00,54,1,0,5,2018-05-17 19:32:00,4.31,1,4.3,True
2018-05-17 23:55:00,34.0,rat,2018-05-17 23:49:00,2018-05-17 23:58:00,378,1,0,5,2018-05-17 19:32:00,4.4,1,4.38,True
2018-05-20 21:52:00,8.0,rat,2018-05-20 21:42:00,2018-05-20 22:11:00,624,1,0,5,2018-05-20 19:34:00,2.31,1,2.3,True
2018-05-17 03:26:00,14.0,rat,2018-05-17 03:24:00,2018-05-17 03:26:00,111,1,0,5,2018-05-16 19:31:00,7.92,1,7.92,True
2018-05-01 00:06:00,4.0,fast,2018-05-01 00:06:00,2018-05-01 00:09:00,16,0,1,5,2018-04-30 19:20:00,4.77,1,4.77,True
2018-05-01 00:08:00,14.0,rat,2018-05-01 00:06:00,2018-05-01 00:09:00,134,1,0,5,2018-04-30 19:20:00,4.81,1,4.8,True
2018-05-01 00:29:00,0.095162728,fast,2018-05-01 00:28:00,2018-05-01 00:44:00,11,0,1,5,2018-04-30 19:20:00,5.15,1,5.15,True
2018-05-01 00:32:00,3.0,fast,2018-05-01 00:28:00,2018-05-01 00:44:00,241,0,1,5,2018-04-30 19:20:00,5.21,1,5.2,True
2018-05-01 00:33:00,0.042360901,fast,2018-05-01 00:28:00,2018-05-01 00:44:00,250,0,1,5,2018-04-30 19:20:00,5.22,1,5.22,True
2018-05-01 00:33:00,2.0,fast,2018-05-01 00:28:00,2018-05-01 00:44:00,271,0,1,5,2018-04-30 19:20:00,5.22,1,5.22,True
2018-05-01 00:33:00,2.0,fast,2018-05-01 00:28:00,2018-05-01 00:44:00,304,0,1,5,2018-04-30 19:20:00,5.23,1,5.22,True
2018-05-01 00:41:00,30.0,rat,2018-05-01 00:28:00,2018-05-01 00:44:00,733,1,0,5,2018-04-30 19:20:00,5.35,1,5.35,True
2018-05-01 00:42:00,18.0,rat,2018-05-01 00:28:00,2018-05-01 00:44:00,819,1,0,5,2018-04-30 19:20:00,5.38,1,5.37,True
2018-05-01 00:43:00,2.0,fast,2018-05-01 00:28:00,2018-05-01 00:44:00,889,0,1,5,2018-04-30 19:20:00,5.39,1,5.38,True
2018-05-01 02:33:00,2.0,fast,2018-05-01 02:33:00,2018-05-01 02:37:00,1,0,1,5,2018-04-30 19:20:00,7.23,1,7.22,True
2018-05-01 03:31:00,4.0,pick,2018-05-01 03:24:00,2018-05-01 03:33:00,386,0,1,5,2018-04-30 19:20:00,8.19,1,8.18,True
2018-05-01 03:56:00,7.0,rat,2018-05-01 03:52:00,2018-05-01 03:59:00,257,1,0,5,2018-04-30 19:20:00,8.61,1,8.6,True
2018-05-01 03:57:00,4.0,fast,2018-05-01 03:52:00,2018-05-01 03:59:00,295,0,1,5,2018-04-30 19:20:00,8.62,1,8.62,True
2018-05-01 00:07:00,1.0,rat,2018-05-01 00:06:00,2018-05-01 00:09:00,62,1,0,5,2018-04-30 19:20:00,4.79,1,4.78,True
2018-05-01 00:09:00,5.0,pick,2018-05-01 00:06:00,2018-05-01 00:09:00,210,0,1,5,2018-04-30 19:20:00,4.83,1,4.82,True
2018-05-01 00:31:00,2.0,fast,2018-05-01 00:28:00,2018-05-01 00:44:00,177,0,1,5,2018-04-30 19:20:00,5.2,1,5.18,True
2018-05-01 00:35:00,13.0,fast,2018-05-01 00:28:00,2018-05-01 00:44:00,377,0,1,5,2018-04-30 19:20:00,5.25,1,5.25,True
2018-05-01 00:36:00,61.0,rat,2018-05-01 00:28:00,2018-05-01 00:44:00,458,1,0,5,2018-04-30 19:20:00,5.27,1,5.27,True
2018-05-01 00:44:00,1.0,fast,2018-05-01 00:28:00,2018-05-01 00:44:00,915,0,1,5,2018-04-30 19:20:00,5.4,1,5.4,True
2018-05-14 03:36:00,14.0,fast,2018-05-14 03:34:00,2018-05-14 03:45:00,140,0,1,5,2018-05-13 19:29:00,8.13,1,8.12,True
2018-05-02 19:52:00,3.0,rat,2018-05-02 19:52:00,2018-05-02 19:55:00,9,1,0,5,2018-05-02 19:21:00,0.53,1,0.52,True
2018-05-02 19:53:00,1.0,rat,2018-05-02 19:52:00,2018-05-02 19:55:00,51,1,0,5,2018-05-02 19:21:00,0.54,1,0.53,True
2018-05-02 19:55:00,1.0,rat,2018-05-02 19:52:00,2018-05-02 19:55:00,146,1,0,5,2018-05-02 19:21:00,0.57,1,0.57,True
2018-05-02 21:01:00,18.0,pick,2018-05-02 20:59:00,2018-05-02 21:06:00,89,0,1,5,2018-05-02 19:21:00,1.67,1,1.67,True
2018-05-02 21:01:00,1.0,rat,2018-05-02 20:59:00,2018-05-02 21:06:00,124,1,0,5,2018-05-02 19:21:00,1.68,1,1.67,True
2018-05-02 21:05:00,4.0,rat,2018-05-02 20:59:00,2018-05-02 21:06:00,317,1,0,5,2018-05-02 19:21:00,1.73,1,1.73,True
2018-05-02 22:00:00,29.0,pick,2018-05-02 21:54:00,2018-05-02 22:01:00,348,0,1,5,2018-05-02 19:21:00,2.65,1,2.65,True
2018-05-02 22:56:00,1.0,fast,2018-05-02 22:51:00,2018-05-02 22:57:00,293,0,1,5,2018-05-02 19:21:00,3.59,1,3.58,True
2018-05-02 23:20:00,1.0,fast,2018-05-02 23:13:00,2018-05-02 23:20:00,451,0,1,5,2018-05-02 19:21:00,3.99,1,3.98,True
2018-05-02 23:59:00,56.0,pick,2018-05-02 23:53:00,2018-05-03 00:02:00,379,0,1,5,2018-05-02 19:21:00,4.64,1,4.63,True
2018-05-03 03:29:00,13.0,rat,2018-05-03 03:21:00,2018-05-03 03:33:00,453,1,0,5,2018-05-02 19:21:00,8.13,1,8.13,True
2018-05-03 03:31:00,1.0,fast,2018-05-03 03:21:00,2018-05-03 03:33:00,625,0,1,5,2018-05-02 19:21:00,8.18,1,8.17,True
2018-05-03 03:51:00,20.0,rat,2018-05-03 03:48:00,2018-05-03 03:53:00,137,1,0,5,2018-05-02 19:21:00,8.5,1,8.5,True
2018-05-05 21:59:00,14.0,rat,2018-05-05 21:55:00,2018-05-05 22:09:00,264,1,0,5,2018-05-05 19:24:00,2.6,1,2.58,True
2018-05-05 22:49:00,15.0,rat,2018-05-05 22:48:00,2018-05-05 22:49:00,90,1,0,5,2018-05-05 19:24:00,3.43,1,3.42,True
2018-05-05 22:55:00,23.0,rat,2018-05-05 22:54:00,2018-05-05 23:00:00,44,1,0,5,2018-05-05 19:24:00,3.52,1,3.52,True
2018-05-05 23:26:00,1.0,fast,2018-05-05 23:25:00,2018-05-05 23:26:00,62,0,1,5,2018-05-05 19:24:00,4.05,1,4.03,True
2018-05-06 01:58:00,1.0,rat,2018-05-06 01:56:00,2018-05-06 02:10:00,116,1,0,5,2018-05-05 19:24:00,6.58,1,6.57,True
2018-05-06 01:58:00,3.0,rat,2018-05-06 01:56:00,2018-05-06 02:10:00,118,1,0,5,2018-05-05 19:24:00,6.58,1,6.57,True
2018-05-06 02:01:00,0.092315438,rat,2018-05-06 01:56:00,2018-05-06 02:10:00,270,1,0,5,2018-05-05 19:24:00,6.62,1,6.62,True
2018-05-06 02:07:00,16.0,rat,2018-05-06 01:56:00,2018-05-06 02:10:00,657,1,0,5,2018-05-05 19:24:00,6.73,1,6.72,True
2018-05-06 02:09:00,5.0,rat,2018-05-06 01:56:00,2018-05-06 02:10:00,783,1,0,5,2018-05-05 19:24:00,6.77,1,6.75,True
2018-05-06 03:39:00,1.0,fast,2018-05-06 03:30:00,2018-05-06 03:46:00,536,0,1,5,2018-05-05 19:24:00,8.26,1,8.25,True
2018-05-06 03:39:00,1.0,rat,2018-05-06 03:30:00,2018-05-06 03:46:00,557,1,0,5,2018-05-05 19:24:00,8.26,1,8.25,True
2018-05-06 03:40:00,2.0,fast,2018-05-06 03:30:00,2018-05-06 03:46:00,581,0,1,5,2018-05-05 19:24:00,8.27,1,8.27,True
2018-05-06 03:42:00,12.0,rat,2018-05-06 03:30:00,2018-05-06 03:46:00,721,1,0,5,2018-05-05 19:24:00,8.31,1,8.3,True
2018-05-06 03:42:00,1.0,fast,2018-05-06 03:30:00,2018-05-06 03:46:00,733,0,1,5,2018-05-05 19:24:00,8.31,1,8.3,True
2018-05-06 03:42:00,3.0,fast,2018-05-06 03:30:00,2018-05-06 03:46:00,737,0,1,5,2018-05-05 19:24:00,8.31,1,8.3,True
2018-05-06 03:46:00,1.0,fast,2018-05-06 03:30:00,2018-05-06 03:46:00,935,0,1,5,2018-05-05 19:24:00,8.37,1,8.37,True
2018-05-06 05:07:00,1.0,fast,2018-05-06 04:54:00,2018-05-06 05:11:00,737,0,1,5,2018-05-05 19:24:00,9.72,1,9.72,True
2018-05-06 05:07:00,5.0,rat,2018-05-06 04:54:00,2018-05-06 05:11:00,756,1,0,5,2018-05-05 19:24:00,9.72,1,9.72,True
2018-05-06 05:08:00,8.0,pick,2018-05-06 04:54:00,2018-05-06 05:11:00,808,0,1,5,2018-05-05 19:24:00,9.74,1,9.73,True
2018-05-06 05:28:00,19.0,rat,2018-05-06 05:26:00,2018-05-06 05:28:00,91,1,0,5,2018-05-05 19:24:00,10.07,1,10.07,True
2018-05-04 20:25:00,6.0,rat,2018-05-04 20:24:00,2018-05-04 20:25:00,54,1,0,5,2018-05-04 19:23:00,1.04,1,1.03,True
2018-05-04 20:44:00,10.0,pick,2018-05-04 20:39:00,2018-05-04 21:04:00,275,0,1,5,2018-05-04 19:23:00,1.35,1,1.35,True
2018-05-04 22:33:00,8.0,pick,2018-05-04 22:32:00,2018-05-04 22:34:00,28,0,1,5,2018-05-04 19:23:00,3.17,1,3.17,True
2018-05-04 22:33:00,1.0,fast,2018-05-04 22:32:00,2018-05-04 22:34:00,43,0,1,5,2018-05-04 19:23:00,3.18,1,3.17,True
2018-05-04 23:36:00,16.0,rat,2018-05-04 23:33:00,2018-05-04 23:36:00,167,1,0,5,2018-05-04 19:23:00,4.23,1,4.22,True
2018-05-05 00:43:00,195.0,pick,2018-05-05 00:41:00,2018-05-05 00:43:00,107,0,1,5,2018-05-04 19:23:00,5.34,1,5.33,True
2018-05-05 01:02:00,14.0,rat,2018-05-05 00:50:00,2018-05-05 01:11:00,695,1,0,5,2018-05-04 19:23:00,5.66,1,5.65,True
2018-05-05 01:03:00,19.0,pick,2018-05-05 00:50:00,2018-05-05 01:11:00,766,0,1,5,2018-05-04 19:23:00,5.68,1,5.67,True
2018-05-05 02:02:00,2.0,fast,2018-05-05 02:02:00,2018-05-05 02:07:00,13,0,1,5,2018-05-04 19:23:00,6.66,1,6.65,True
2018-05-05 02:06:00,2.0,fast,2018-05-05 02:02:00,2018-05-05 02:07:00,233,0,1,5,2018-05-04 19:23:00,6.72,1,6.72,True
2018-05-05 02:46:00,1.0,fast,2018-05-05 02:45:00,2018-05-05 02:47:00,81,0,1,5,2018-05-04 19:23:00,7.39,1,7.38,True
2018-05-05 03:25:00,1.0,rat,2018-05-05 03:22:00,2018-05-05 03:29:00,179,1,0,5,2018-05-04 19:23:00,8.04,1,8.03,True
2018-05-05 03:26:00,18.0,rat,2018-05-05 03:22:00,2018-05-05 03:29:00,237,1,0,5,2018-05-04 19:23:00,8.06,1,8.05,True
2018-05-05 03:49:00,35.0,pick,2018-05-05 03:47:00,2018-05-05 03:49:00,117,0,1,5,2018-05-04 19:23:00,8.44,1,8.43,True
2018-05-05 04:40:00,38.0,rat,2018-05-05 04:31:00,2018-05-05 04:49:00,537,1,0,5,2018-05-04 19:23:00,9.29,1,9.28,True
2018-05-03 19:11:00,1.0,rat,2018-05-03 18:58:00,2018-05-03 19:25:00,790,1,0,5,2018-05-03 19:22:00,-0.17,1,-0.18,True
2018-05-03 19:14:00,4.0,rat,2018-05-03 18:58:00,2018-05-03 19:25:00,930,1,0,5,2018-05-03 19:22:00,-0.13,1,-0.13,True
2018-05-03 20:58:00,0.042337019,rat,2018-05-03 20:57:00,2018-05-03 21:07:00,40,1,0,5,2018-05-03 19:22:00,1.61,1,1.6,True
2018-05-03 23:51:00,28.0,pick,2018-05-03 23:46:00,2018-05-03 23:52:00,326,0,1,5,2018-05-03 19:22:00,4.5,1,4.48,True
2018-05-04 00:12:00,5.0,rat,2018-05-04 00:09:00,2018-05-04 00:30:00,153,1,0,5,2018-05-03 19:22:00,4.83,1,4.83,True
2018-05-04 00:22:00,18.0,rat,2018-05-04 00:09:00,2018-05-04 00:30:00,764,1,0,5,2018-05-03 19:22:00,5.0,1,5.0,True
2018-05-04 00:22:00,20.0,rat,2018-05-04 00:09:00,2018-05-04 00:30:00,774,1,0,5,2018-05-03 19:22:00,5.01,1,5.0,True
2018-05-04 01:57:00,0.018395555,rat,2018-05-04 01:57:00,2018-05-04 02:07:00,9,1,0,5,2018-05-03 19:22:00,6.6,1,6.58,True
2018-05-04 02:04:00,4.0,fast,2018-05-04 01:57:00,2018-05-04 02:07:00,385,0,1,5,2018-05-03 19:22:00,6.7,1,6.7,True
2018-05-04 02:06:00,4.0,fast,2018-05-04 01:57:00,2018-05-04 02:07:00,519,0,1,5,2018-05-03 19:22:00,6.74,1,6.73,True
2018-05-04 02:06:00,10.0,pick,2018-05-04 01:57:00,2018-05-04 02:07:00,555,0,1,5,2018-05-03 19:22:00,6.75,1,6.73,True
2018-05-04 02:58:00,1.0,fast,2018-05-04 02:55:00,2018-05-04 03:14:00,164,0,1,5,2018-05-03 19:22:00,7.61,1,7.6,True
2018-05-04 03:00:00,5.0,pick,2018-05-04 02:55:00,2018-05-04 03:14:00,248,0,1,5,2018-05-03 19:22:00,7.63,1,7.63,True
2018-05-04 03:03:00,45.0,rat,2018-05-04 02:55:00,2018-05-04 03:14:00,484,1,0,5,2018-05-03 19:22:00,7.7,1,7.68,True
2018-05-04 03:05:00,0.062233499,fast,2018-05-04 02:55:00,2018-05-04 03:14:00,547,0,1,5,2018-05-03 19:22:00,7.72,1,7.72,True
2018-05-04 03:06:00,8.0,pick,2018-05-04 02:55:00,2018-05-04 03:14:00,620,0,1,5,2018-05-03 19:22:00,7.74,1,7.73,True
2018-05-04 03:06:00,5.0,rat,2018-05-04 02:55:00,2018-05-04 03:14:00,636,1,0,5,2018-05-03 19:22:00,7.74,1,7.73,True
2018-05-04 03:09:00,8.0,rat,2018-05-04 02:55:00,2018-05-04 03:14:00,810,1,0,5,2018-05-03 19:22:00,7.79,1,7.78,True
2018-05-04 03:20:00,4.0,rat,2018-05-04 03:20:00,2018-05-04 03:21:00,23,1,0,5,2018-05-03 19:22:00,7.98,1,7.97,True
2018-05-04 04:18:00,2.0,rat,2018-05-04 04:14:00,2018-05-04 04:30:00,224,1,0,5,2018-05-03 19:22:00,8.93,1,8.93,True
2018-05-04 04:18:00,1.0,fast,2018-05-04 04:14:00,2018-05-04 04:30:00,275,0,1,5,2018-05-03 19:22:00,8.95,1,8.93,True
2018-05-04 04:19:00,22.0,pick,2018-05-04 04:14:00,2018-05-04 04:30:00,310,0,1,5,2018-05-03 19:22:00,8.96,1,8.95,True
2018-05-03 23:51:00,2.0,fast,2018-05-03 23:46:00,2018-05-03 23:52:00,339,0,1,5,2018-05-03 19:22:00,4.5,1,4.48,True
